{"Display Name Change": [{"Date": "2021-04-06 03:37:14 UTC", "Display Name": "Kristina Vasileva"}], "Email Change": [{"Date": "2021-05-08 23:04:37 UTC", "Email Address": "kikicvetanova@icloud.com"}, {"Date": "2021-05-08 23:02:29 UTC", "Email Address": "kikicvetanova@icloud.com"}], "Mobile Number Change": [{"Date": "2021-04-06 03:38:24 UTC", "Mobile Number": "+359882293150"}], "Password Change": [{"Date": "2021-04-20 00:24:02 UTC"}, {"Date": "2021-04-20 00:09:55 UTC"}, {"Date": "2021-04-20 00:03:33 UTC"}], "Snapchat Linked to Bitmoji": [], "Spectacles": [], "Two-Factor Authentication": [], "Account deactivated / reactivated": []}