{"Friends": [{"Username": "reni_k01", "Display Name": "\u0420\u0435\u043d\u0438\u0442\u0423\ud83e\udd70\ud83d\udc51\u2764\ufe0f", "Creation Timestamp": "2021-04-16 14:42:12 UTC", "Last Modified Timestamp": "2021-04-16 14:42:12 UTC", "Source": "added by suggested"}, {"Username": "barko_vi", "Display Name": "\u041c\u043e\u0435\u0442\u043e \u043c\u043e\u043c\u0447\u0435\u2764\ufe0f\ud83d\udc8d\ud83d\udca9", "Creation Timestamp": "2021-05-08 17:16:39 UTC", "Last Modified Timestamp": "2021-05-08 17:16:39 UTC", "Source": "added by added me back"}, {"Username": "megigeorgievva", "Display Name": "\u041c\u0435\u0433\u0438 \u041f\u043b\u0435\u0432\u0435\u043d\ud83d\udc3b", "Creation Timestamp": "2021-04-16 14:43:32 UTC", "Last Modified Timestamp": "2021-04-16 14:43:32 UTC", "Source": "added by suggested"}, {"Username": "bogergana", "Display Name": "Sister\ud83d\udc8b\ud83d\udc9c", "Creation Timestamp": "2021-04-06 07:52:48 UTC", "Last Modified Timestamp": "2021-04-06 07:52:48 UTC", "Source": "added by username"}, {"Username": "p-anii", "Display Name": "\u041f\u0430\u043d\u0438\u0442\u0430 \u0412\u0438\u043a\u0442\u043e\u0440\ud83d\ude34\ud83c\udf80", "Creation Timestamp": "2021-04-16 14:43:13 UTC", "Last Modified Timestamp": "2021-04-16 14:43:13 UTC", "Source": "added by phone"}, {"Username": "veni_p2020", "Display Name": "\u0412\u0435\u0440\u043a\u0430\ud83d\udca9\ud83e\udd70\ud83d\ude34", "Creation Timestamp": "2021-04-16 14:43:17 UTC", "Last Modified Timestamp": "2021-04-16 14:43:17 UTC", "Source": "added by phone"}, {"Username": "saraaa929", "Display Name": "Sara\ud83d\udc45\ud83d\udd1e\ud83d\udc9e", "Creation Timestamp": "2021-05-08 23:14:04 UTC", "Last Modified Timestamp": "2021-05-08 23:14:04 UTC", "Source": "added by added me back"}, {"Username": "mitko1286", "Display Name": "\u041c\u0438\u0442\u043a\u043e \u041f\u043b\u0435\u0432\u0435\u043d\u26bd\ufe0f\ud83d\udc9a", "Creation Timestamp": "2021-05-08 22:51:57 UTC", "Last Modified Timestamp": "2021-05-08 22:51:57 UTC", "Source": "added by added me back"}, {"Username": "s-ilieva07", "Display Name": "\u0421\u0438\u043c\u043e\u043d\u0447\u0435\u0442\u043e\ud83e\udd70\ud83c\udf08\ud83c\udf80", "Creation Timestamp": "2021-04-16 14:43:37 UTC", "Last Modified Timestamp": "2021-04-16 14:43:37 UTC", "Source": "added by suggested"}, {"Username": "kiki_hris100820", "Display Name": "Kristina Vasileva", "Creation Timestamp": "2021-04-06 03:37:14 UTC", "Last Modified Timestamp": "2021-04-06 03:37:14 UTC", "Source": "added by unknown"}, {"Username": "nikoletaa52", "Display Name": "\u041d\u0438\u043a\u043e\u043b\u0435\u0442\u043a\u0430\u2764\ufe0f\ud83c\udf3f\ud83e\udd75", "Creation Timestamp": "2021-04-16 14:42:45 UTC", "Last Modified Timestamp": "2021-04-16 14:42:45 UTC", "Source": "added by phone"}, {"Username": "desi_dvl", "Display Name": "\ud835\udcd3\ud835\udcee\ud835\udcfc\ud835\udcf2\ud83e\udd8b", "Creation Timestamp": "2021-05-08 23:14:03 UTC", "Last Modified Timestamp": "2021-05-08 23:14:03 UTC", "Source": "added by added me back"}, {"Username": "zuzytonymailb21", "Display Name": "\u041f\u0430\u043c\u0435\u043b\u0430 \u043e\u0442 \u0420\u0443\u043f\u0446\u0438\ud83d\ude0e", "Creation Timestamp": "2021-05-08 20:15:19 UTC", "Last Modified Timestamp": "2021-05-08 20:15:19 UTC", "Source": "added by added me back"}, {"Username": "denicacveta2021", "Display Name": "denica cvetanova", "Creation Timestamp": "2021-05-02 15:26:21 UTC", "Last Modified Timestamp": "2021-05-02 15:26:21 UTC", "Source": "added by added me back"}], "Friend Requests Sent": [{"Username": "stivig3", "Display Name": "\u0421\u0442\u0438\u0432\u044a\u043d \u0414\u0438\u043c\u0438\u0442\u0440\u043e\u0432", "Creation Timestamp": "2021-05-08 22:53:13 UTC", "Last Modified Timestamp": "2021-05-08 22:53:13 UTC", "Source": "added by official story search"}], "Blocked Users": [], "Deleted Friends": [{"Username": "p_peucheva2019", "Display Name": "\u041f\u043b\u0430\u043c\u0438 \u041f\u0435\u0439\u0447\u0435\u0432\u0430\ud83c\udf80\ud83e\udd70", "Creation Timestamp": "2021-04-16 14:43:06 UTC", "Last Modified Timestamp": "2021-04-26 20:00:32 UTC", "Source": "added by phone"}, {"Username": "nikibogdanovv", "Display Name": "\ud83d\ude0e\ud83d\udd29", "Creation Timestamp": "2021-05-08 19:40:02 UTC", "Last Modified Timestamp": "2021-05-08 23:03:35 UTC", "Source": "added by unknown"}, {"Username": "kcvetanova_69", "Display Name": "Me\ud83c\udf51\ud83d\udc51\u2764\ufe0f\ud83e\udd75\ud83d\udca9", "Creation Timestamp": "2021-04-20 00:44:25 UTC", "Last Modified Timestamp": "2021-04-26 06:09:14 UTC", "Source": "added by username"}, {"Username": "simona_ts8094", "Display Name": "\u0421\u0438\u043c\u043e\u043d\u0430 \u0426\u0432\u0435\u0442\u0430\u043d\u043e\u0432\u0430\u2763\ufe0f\ud83c\udf53", "Creation Timestamp": "2021-04-17 06:39:08 UTC", "Last Modified Timestamp": "2021-04-26 20:00:43 UTC", "Source": "added by phone"}, {"Username": "rumen79", "Display Name": "Rumen Hristov \u2714", "Creation Timestamp": "2021-05-08 20:15:16 UTC", "Last Modified Timestamp": "2021-05-08 23:03:38 UTC", "Source": "added by added me back"}, {"Username": "yuli_plamenova", "Display Name": "\u042e\u043b\u043aa\ud83d\ude34\ud83d\udc8b\ud83e\uddf8", "Creation Timestamp": "2021-04-16 14:43:01 UTC", "Last Modified Timestamp": "2021-04-26 20:27:59 UTC", "Source": "added by phone"}, {"Username": "kamieliiak20", "Display Name": "\u041a\u0430\u043c\u0438\u2764\ufe0f\ud83d\udc9a\ud83c\udf3f", "Creation Timestamp": "2021-04-16 14:42:31 UTC", "Last Modified Timestamp": "2021-04-26 20:27:55 UTC", "Source": "added by phone"}, {"Username": "kcvetanova69", "Display Name": "Kiki\ud83d\udc45\ud83c\udf51\ud83d\udd1e", "Creation Timestamp": "2021-04-20 00:43:55 UTC", "Last Modified Timestamp": "2021-04-26 06:08:53 UTC", "Source": "added by username"}, {"Username": "zlati100", "Display Name": "\u0417\u043b\u0430\u0442\u0438 \u0411\u043e\u0440\u0438\u0441\u043e\u0432\u0430\u2764\ufe0f\ud83e\udd75", "Creation Timestamp": "2021-04-16 14:43:16 UTC", "Last Modified Timestamp": "2021-04-26 20:27:51 UTC", "Source": "added by phone"}, {"Username": "dekovaa04", "Display Name": "\u0413\u0430\u0431\u0438 \u0414\u0435\u043a\u043e\u0432\u0430\u2764\ufe0f\ud83d\udc37", "Creation Timestamp": "2021-04-16 14:42:24 UTC", "Last Modified Timestamp": "2021-04-26 20:00:40 UTC", "Source": "added by phone"}, {"Username": "teamsnapchat", "Display Name": "Team Snapchat", "Creation Timestamp": "2021-04-06 03:37:14 UTC", "Last Modified Timestamp": "2021-04-06 03:37:14 UTC", "Source": "added by unknown"}], "Hidden Friend Suggestions": [{"Username": "vasilevaa420", "Display Name": "Stely Vasileva\ud83c\udf3f", "Creation Timestamp": "", "Last Modified Timestamp": "", "Source": "added by unknown"}, {"Username": "ituricov", "Display Name": "Ivan Turicov", "Creation Timestamp": "", "Last Modified Timestamp": "", "Source": "added by unknown"}, {"Username": "ivom8202", "Display Name": "Ivo M", "Creation Timestamp": "", "Last Modified Timestamp": "", "Source": "added by unknown"}, {"Username": "alex-belev", "Display Name": "Alex-Belev", "Creation Timestamp": "", "Last Modified Timestamp": "", "Source": "added by unknown"}, {"Username": "a_lichev2020", "Display Name": "Andi", "Creation Timestamp": "", "Last Modified Timestamp": "", "Source": "added by unknown"}, {"Username": "orozov22", "Display Name": "\u0422\u0435\u0434\u043e \u041e\u0440\u043e\u0437\u043e\u0432", "Creation Timestamp": "", "Last Modified Timestamp": "", "Source": "added by unknown"}, {"Username": "dbecam99", "Display Name": "David", "Creation Timestamp": "", "Last Modified Timestamp": "", "Source": "added by unknown"}, {"Username": "v_vulchev21", "Display Name": "V Vulchev", "Creation Timestamp": "", "Last Modified Timestamp": "", "Source": "added by unknown"}, {"Username": "mpetreliyska", "Display Name": "magdalenapetreliyska", "Creation Timestamp": "", "Last Modified Timestamp": "", "Source": "added by unknown"}, {"Username": "mdinchev87", "Display Name": "\ud83d\udc7bMihail Dinchev\ud83d\udc7b", "Creation Timestamp": "", "Last Modified Timestamp": "", "Source": "added by unknown"}, {"Username": "peturgv1914", "Display Name": "\ud83d\udcb8\u041f\u0435\u0442\u044a\u0440\ud83c\udf1f \u0412\u0435\u043b\u0447\u0435\u0432\ud83d\udcb8\ud83c\udf1f", "Creation Timestamp": "", "Last Modified Timestamp": "", "Source": "added by unknown"}, {"Username": "svetlin_555", "Display Name": "\u0421\u0432\u0435\u0442\u043b\u0438\u043d \u0421\u0430\u0448\u043e\u0432", "Creation Timestamp": "", "Last Modified Timestamp": "", "Source": "added by unknown"}, {"Username": "dhristov207", "Display Name": "Denko\ud83d\ude09", "Creation Timestamp": "", "Last Modified Timestamp": "", "Source": "added by unknown"}, {"Username": "tsvetomir_s", "Display Name": "Tsvetomir Stoenchev", "Creation Timestamp": "", "Last Modified Timestamp": "", "Source": "added by unknown"}, {"Username": "daniel_stoyan89", "Display Name": "\ud83d\udd31Dani Stoyanov\ud83d\udd31", "Creation Timestamp": "", "Last Modified Timestamp": "", "Source": "added by unknown"}, {"Username": "bibi_m045", "Display Name": "Bibi Marinova\ud83d\udc51", "Creation Timestamp": "", "Last Modified Timestamp": "", "Source": "added by unknown"}, {"Username": "pepi_genov", "Display Name": "\u041f\u0435\u0442\u044a\u0440 \u0413\u0435\u043d\u043e\u0432", "Creation Timestamp": "", "Last Modified Timestamp": "", "Source": "added by unknown"}, {"Username": "aleksandart9116", "Display Name": "Aleks", "Creation Timestamp": "", "Last Modified Timestamp": "", "Source": "added by unknown"}, {"Username": "mishety21", "Display Name": "mihaela Hristova mishety", "Creation Timestamp": "", "Last Modified Timestamp": "", "Source": "added by unknown"}, {"Username": "pstamienov2020", "Display Name": "\u041f\u0435\u0442\u043a\u043e \u0421\u0442\u0430\u043c\u0435\u043d\u043e\u0432", "Creation Timestamp": "", "Last Modified Timestamp": "", "Source": "added by unknown"}, {"Username": "ivo_99909", "Display Name": "Ivelin Ivanov", "Creation Timestamp": "", "Last Modified Timestamp": "", "Source": "added by unknown"}, {"Username": "nikolay52502", "Display Name": "Nikolay Ivanov", "Creation Timestamp": "", "Last Modified Timestamp": "", "Source": "added by unknown"}, {"Username": "aksel2507", "Display Name": "\u0410\u043a\u0441\u0435\u043b", "Creation Timestamp": "", "Last Modified Timestamp": "", "Source": "added by unknown"}, {"Username": "mariokb3", "Display Name": "mario bojilov", "Creation Timestamp": "", "Last Modified Timestamp": "", "Source": "added by unknown"}, {"Username": "dani-stanchev", "Display Name": "Dani Stanchev", "Creation Timestamp": "", "Last Modified Timestamp": "", "Source": "added by unknown"}, {"Username": "m.stoqnov", "Display Name": "M.Stoyanov \u2714", "Creation Timestamp": "", "Last Modified Timestamp": "", "Source": "added by unknown"}, {"Username": "vladinson", "Display Name": "VladinSon", "Creation Timestamp": "", "Last Modified Timestamp": "", "Source": "added by unknown"}, {"Username": "hpavlov45", "Display Name": "\u0425\u0440\u0438\u0441", "Creation Timestamp": "", "Last Modified Timestamp": "", "Source": "added by unknown"}, {"Username": "n.selimov97", "Display Name": "\u041d. \u0421\u0435\u043b\u0438\u043c\u043e\u0432", "Creation Timestamp": "", "Last Modified Timestamp": "", "Source": "added by unknown"}, {"Username": "angelpeshev", "Display Name": "Angel Peshev", "Creation Timestamp": "", "Last Modified Timestamp": "", "Source": "added by unknown"}, {"Username": "bulletz62d", "Display Name": "\u0414\u0430\u043d\u0438\u0435\u043b", "Creation Timestamp": "", "Last Modified Timestamp": "", "Source": "added by unknown"}, {"Username": "peturkpetrov", "Display Name": "le_antipatico", "Creation Timestamp": "", "Last Modified Timestamp": "", "Source": "added by unknown"}, {"Username": "ivan_georgiev99", "Display Name": "\u0418\u0432\u0430\u043d \u0413\u0435\u043e\u0440\u0433\u0438\u0435\u0432", "Creation Timestamp": "", "Last Modified Timestamp": "", "Source": "added by unknown"}, {"Username": "xd.luboxd", "Display Name": "\u0139\u016fb\u00f8 \ud83c\udf3f", "Creation Timestamp": "", "Last Modified Timestamp": "", "Source": "added by unknown"}, {"Username": "n_petrova5", "Display Name": "\u2115\ud835\udd52\ud835\udd55\ud835\udd62 \u2119\ud835\udd56\ud835\udd65\ud835\udd63\ud835\udd60\ud835\udd67\ud835\udd52 \ud83e\udd8b\ud83d\udcab", "Creation Timestamp": "", "Last Modified Timestamp": "", "Source": "added by unknown"}, {"Username": "stanimir318", "Display Name": "Stanimir Ivanov", "Creation Timestamp": "", "Last Modified Timestamp": "", "Source": "added by unknown"}, {"Username": "itzbrianz", "Display Name": "Brian Mitchell", "Creation Timestamp": "", "Last Modified Timestamp": "", "Source": "added by unknown"}, {"Username": "boqnstoqnov2020", "Display Name": "Boqn Stoqnov", "Creation Timestamp": "", "Last Modified Timestamp": "", "Source": "added by unknown"}, {"Username": "v_viktorovbakal", "Display Name": "Vladdy VB", "Creation Timestamp": "", "Last Modified Timestamp": "", "Source": "added by unknown"}, {"Username": "dinamkata77", "Display Name": "Dinamkata", "Creation Timestamp": "", "Last Modified Timestamp": "", "Source": "added by unknown"}, {"Username": "rado.seksa", "Display Name": "Radoooou", "Creation Timestamp": "", "Last Modified Timestamp": "", "Source": "added by unknown"}, {"Username": "ebachaigracha8", "Display Name": "\u0415\u0440\u0438\u043a\u2764\ud83d\udcaa\ud83d\udc48\ud83d\udcaf", "Creation Timestamp": "", "Last Modified Timestamp": "", "Source": "added by unknown"}, {"Username": "georgeeadell", "Display Name": "greg", "Creation Timestamp": "", "Last Modified Timestamp": "", "Source": "added by unknown"}, {"Username": "kris_nikolov", "Display Name": "Bufera 88", "Creation Timestamp": "", "Last Modified Timestamp": "", "Source": "added by unknown"}, {"Username": "adrian_aliano20", "Display Name": "Adrian Violin", "Creation Timestamp": "", "Last Modified Timestamp": "", "Source": "added by unknown"}, {"Username": "ivandekov20", "Display Name": ",\ud83d\ude08Dekov,,,\ud83d\ude08", "Creation Timestamp": "", "Last Modified Timestamp": "", "Source": "added by unknown"}, {"Username": "gabrielahri6833", "Display Name": "Gabriela Hristova", "Creation Timestamp": "", "Last Modified Timestamp": "", "Source": "added by unknown"}, {"Username": "sevdelin9", "Display Name": "\u00a9\u0435\u0432\u0434\u0435\u043b\u0438\u043d \uf8ff", "Creation Timestamp": "", "Last Modified Timestamp": "", "Source": "added by unknown"}, {"Username": "marti.dimitrov", "Display Name": "\u041c\u0430\u0440\u0442\u043e", "Creation Timestamp": "", "Last Modified Timestamp": "", "Source": "added by unknown"}, {"Username": "k.kirilov264", "Display Name": "Kaloyan Kirilov", "Creation Timestamp": "", "Last Modified Timestamp": "", "Source": "added by unknown"}, {"Username": "plamenkolev2021", "Display Name": "Paci", "Creation Timestamp": "", "Last Modified Timestamp": "", "Source": "added by unknown"}, {"Username": "z.vengeance", "Display Name": "\u0414\u0438\u043c\u0438\u0442\u044a\u0440 \u26c4", "Creation Timestamp": "", "Last Modified Timestamp": "", "Source": "added by unknown"}, {"Username": "lyubchos", "Display Name": "Stani L.\ud83d\udc7b", "Creation Timestamp": "", "Last Modified Timestamp": "", "Source": "added by unknown"}, {"Username": "iordan_b69", "Display Name": "Iordan Borisov", "Creation Timestamp": "", "Last Modified Timestamp": "", "Source": "added by unknown"}, {"Username": "pekataaap2020", "Display Name": "Pekataaa Petrov", "Creation Timestamp": "", "Last Modified Timestamp": "", "Source": "added by unknown"}, {"Username": "vikhrien_boik20", "Display Name": "\u0412\u0438\u0425\u0440\u0415\u043d \u0411\u043e\u0439\u043a\u043e\u0432", "Creation Timestamp": "", "Last Modified Timestamp": "", "Source": "added by unknown"}, {"Username": "martin.bebov03", "Display Name": "Martin Bebov", "Creation Timestamp": "", "Last Modified Timestamp": "", "Source": "added by unknown"}, {"Username": "plamen1918", "Display Name": "\u041f\u043b\u0430\u043c\u0435\u043d \u0418\u0432\u0430\u043d\u043e\u0432", "Creation Timestamp": "", "Last Modified Timestamp": "", "Source": "added by unknown"}, {"Username": "kristian5109", "Display Name": "Kristian Ivanov", "Creation Timestamp": "", "Last Modified Timestamp": "", "Source": "added by unknown"}, {"Username": "vasilevaaa4200", "Display Name": "Stely \ud83d\ude08", "Creation Timestamp": "", "Last Modified Timestamp": "", "Source": "added by unknown"}, {"Username": "pstefanow20", "Display Name": "Pepi Stefanow \ud83d\udcaa\ud83d\ude0e", "Creation Timestamp": "", "Last Modified Timestamp": "", "Source": "added by unknown"}, {"Username": "radecki1913", "Display Name": "Radecki00", "Creation Timestamp": "", "Last Modified Timestamp": "", "Source": "added by unknown"}, {"Username": "gkamenov8", "Display Name": "Gabriel Kamenov", "Creation Timestamp": "", "Last Modified Timestamp": "", "Source": "added by unknown"}, {"Username": "simonsi3", "Display Name": "\ud83c\udf3aSimon\u0430\u0430\ud83c\udf3a", "Creation Timestamp": "", "Last Modified Timestamp": "", "Source": "added by unknown"}, {"Username": "vladetotsvetkov", "Display Name": "Vladetotsvetkov", "Creation Timestamp": "", "Last Modified Timestamp": "", "Source": "added by unknown"}, {"Username": "petkovt21", "Display Name": "Petkov Tihomir", "Creation Timestamp": "", "Last Modified Timestamp": "", "Source": "added by unknown"}, {"Username": "dyordanova477", "Display Name": "\u2764\ud835\udcd3\ud835\udcee\ud835\udcfc\ud835\udcfc\ud835\udcf2-\ud835\udce2\ud835\udcf5\ud835\udcea\ud835\udcff\ud835\udcea\u2764", "Creation Timestamp": "", "Last Modified Timestamp": "", "Source": "added by unknown"}, {"Username": "joanna0652", "Display Name": "\ud835\udc08.\ud835\udc06\ud835\udc2b\ud835\udc28\ud835\udc33\ud835\udc1d\ud835\udc1a\ud835\udc27\ud835\udc28\ud835\udc2f\ud835\udc1a", "Creation Timestamp": "", "Last Modified Timestamp": "", "Source": "added by unknown"}, {"Username": "veselin_bak2020", "Display Name": "veselin bakalov", "Creation Timestamp": "", "Last Modified Timestamp": "", "Source": "added by unknown"}, {"Username": "mimo_vasiliev", "Display Name": "\u041c\u0438\u043c\u043e \u0412\u0430\u0441\u0438\u043b\u0435\u0432", "Creation Timestamp": "", "Last Modified Timestamp": "", "Source": "added by unknown"}, {"Username": "l_ivov20", "Display Name": "Lunal Ivov", "Creation Timestamp": "", "Last Modified Timestamp": "", "Source": "added by unknown"}, {"Username": "ldudov", "Display Name": "L. Dudov\ud83d\udcf7", "Creation Timestamp": "", "Last Modified Timestamp": "", "Source": "added by unknown"}, {"Username": "karlosnasar", "Display Name": "\u041a\u0430\u0440\u043b\u043e\u0441 \u041d\u0430\u0441\u0430\u0440", "Creation Timestamp": "", "Last Modified Timestamp": "", "Source": "added by unknown"}, {"Username": "vesko.popov", "Display Name": "\u0412.\u041f\u043e\u043f\u043e\u0432\ud83d\ude0e\ud83d\ude0b\ud83e\udd2a", "Creation Timestamp": "", "Last Modified Timestamp": "", "Source": "added by unknown"}, {"Username": "mmanahov4", "Display Name": "Miroslav Manahov", "Creation Timestamp": "", "Last Modified Timestamp": "", "Source": "added by unknown"}, {"Username": "dimchooooo", "Display Name": "Dimcho", "Creation Timestamp": "", "Last Modified Timestamp": "", "Source": "added by unknown"}, {"Username": "ivandetelinov57", "Display Name": "ivannndetelinov", "Creation Timestamp": "", "Last Modified Timestamp": "", "Source": "added by unknown"}, {"Username": "i_kuzmanov", "Display Name": "iliqn kuzmanov", "Creation Timestamp": "", "Last Modified Timestamp": "", "Source": "added by unknown"}, {"Username": "t_yakov", "Display Name": "t_yakov1914", "Creation Timestamp": "", "Last Modified Timestamp": "", "Source": "added by unknown"}], "Ignored Snapchatters": [], "Shortcuts": []}