{"Frequent Locations": [{"City": "sofia", "Country": "bgr", "Region": "22"}, {"City": "sofia", "Country": "bgr", "Region": "22"}], "Latest Location": [{"City": "sofia", "Country": "bgr", "Region": "22"}], "Home & Work": {}, "Daily Top Locations": [], "Top Locations Per Six-Day Period": [], "Location History": [{"Time": "2021/04/22 14:22:08 UTC", "Latitude, Longitude": "43.276 \u00b1 39.66 meters, 24.094 \u00b1 39.66 meters"}, {"Time": "2021/04/22 14:22:08 UTC", "Latitude, Longitude": "43.275 \u00b1 39.66 meters, 24.095 \u00b1 39.66 meters"}, {"Time": "2021/04/22 14:22:08 UTC", "Latitude, Longitude": "43.275 \u00b1 39.66 meters, 24.095 \u00b1 39.66 meters"}, {"Time": "2021/04/22 15:43:26 UTC", "Latitude, Longitude": "43.275 \u00b1 39.66 meters, 24.095 \u00b1 39.66 meters"}, {"Time": "2021/04/22 15:43:26 UTC", "Latitude, Longitude": "43.276 \u00b1 39.66 meters, 24.094 \u00b1 39.66 meters"}, {"Time": "2021/04/22 15:43:26 UTC", "Latitude, Longitude": "43.275 \u00b1 39.66 meters, 24.095 \u00b1 39.66 meters"}, {"Time": "2021/04/22 16:11:28 UTC", "Latitude, Longitude": "43.275 \u00b1 39.66 meters, 24.093 \u00b1 39.66 meters"}, {"Time": "2021/04/22 16:12:13 UTC", "Latitude, Longitude": "43.276 \u00b1 39.66 meters, 24.094 \u00b1 39.66 meters"}, {"Time": "2021/04/22 16:12:13 UTC", "Latitude, Longitude": "43.275 \u00b1 39.66 meters, 24.095 \u00b1 39.66 meters"}, {"Time": "2021/04/22 16:12:13 UTC", "Latitude, Longitude": "43.275 \u00b1 39.66 meters, 24.095 \u00b1 39.66 meters"}, {"Time": "2021/04/22 16:12:17 UTC", "Latitude, Longitude": "43.275 \u00b1 39.66 meters, 24.095 \u00b1 39.66 meters"}, {"Time": "2021/04/22 16:12:17 UTC", "Latitude, Longitude": "43.276 \u00b1 39.66 meters, 24.094 \u00b1 39.66 meters"}, {"Time": "2021/04/22 16:12:17 UTC", "Latitude, Longitude": "43.275 \u00b1 39.66 meters, 24.095 \u00b1 39.66 meters"}, {"Time": "2021/04/23 06:26:45 UTC", "Latitude, Longitude": "43.277 \u00b1 39.66 meters, 24.086 \u00b1 39.66 meters"}, {"Time": "2021/04/23 06:26:45 UTC", "Latitude, Longitude": "43.277 \u00b1 39.66 meters, 24.085 \u00b1 39.66 meters"}, {"Time": "2021/04/23 06:28:16 UTC", "Latitude, Longitude": "43.277 \u00b1 39.66 meters, 24.085 \u00b1 39.66 meters"}, {"Time": "2021/04/23 06:28:16 UTC", "Latitude, Longitude": "43.277 \u00b1 39.66 meters, 24.086 \u00b1 39.66 meters"}, {"Time": "2021/04/23 09:19:47 UTC", "Latitude, Longitude": "43.277 \u00b1 39.66 meters, 24.086 \u00b1 39.66 meters"}, {"Time": "2021/04/23 09:19:47 UTC", "Latitude, Longitude": "43.277 \u00b1 39.66 meters, 24.085 \u00b1 39.66 meters"}, {"Time": "2021/04/23 09:35:29 UTC", "Latitude, Longitude": "43.277 \u00b1 39.66 meters, 24.085 \u00b1 39.66 meters"}, {"Time": "2021/04/23 09:35:29 UTC", "Latitude, Longitude": "43.277 \u00b1 39.66 meters, 24.086 \u00b1 39.66 meters"}, {"Time": "2021/04/24 07:44:52 UTC", "Latitude, Longitude": "43.202 \u00b1 39.66 meters, 24.312 \u00b1 39.66 meters"}, {"Time": "2021/04/24 07:44:53 UTC", "Latitude, Longitude": "43.202 \u00b1 39.66 meters, 24.312 \u00b1 39.66 meters"}, {"Time": "2021/04/24 07:44:54 UTC", "Latitude, Longitude": "43.203 \u00b1 39.66 meters, 24.312 \u00b1 39.66 meters"}, {"Time": "2021/04/24 07:45:11 UTC", "Latitude, Longitude": "43.203 \u00b1 39.66 meters, 24.312 \u00b1 39.66 meters"}, {"Time": "2021/04/24 14:03:02 UTC", "Latitude, Longitude": "43.157 \u00b1 39.66 meters, 24.286 \u00b1 39.66 meters"}, {"Time": "2021/04/24 14:03:02 UTC", "Latitude, Longitude": "43.157 \u00b1 39.66 meters, 24.285 \u00b1 39.66 meters"}, {"Time": "2021/04/24 14:03:05 UTC", "Latitude, Longitude": "43.157 \u00b1 39.66 meters, 24.285 \u00b1 39.66 meters"}, {"Time": "2021/04/24 14:03:05 UTC", "Latitude, Longitude": "43.157 \u00b1 39.66 meters, 24.286 \u00b1 39.66 meters"}, {"Time": "2021/04/24 14:03:17 UTC", "Latitude, Longitude": "43.157 \u00b1 39.66 meters, 24.286 \u00b1 39.66 meters"}, {"Time": "2021/04/24 14:03:24 UTC", "Latitude, Longitude": "43.157 \u00b1 39.66 meters, 24.286 \u00b1 39.66 meters"}, {"Time": "2021/04/24 14:03:25 UTC", "Latitude, Longitude": "43.158 \u00b1 39.66 meters, 24.287 \u00b1 39.66 meters"}, {"Time": "2021/04/24 14:03:26 UTC", "Latitude, Longitude": "43.158 \u00b1 39.66 meters, 24.287 \u00b1 39.66 meters"}, {"Time": "2021/04/24 14:03:27 UTC", "Latitude, Longitude": "43.158 \u00b1 39.66 meters, 24.286 \u00b1 39.66 meters"}, {"Time": "2021/04/24 14:03:29 UTC", "Latitude, Longitude": "43.158 \u00b1 39.66 meters, 24.286 \u00b1 39.66 meters"}, {"Time": "2021/04/24 14:03:30 UTC", "Latitude, Longitude": "43.159 \u00b1 39.66 meters, 24.287 \u00b1 39.66 meters"}, {"Time": "2021/04/24 14:03:32 UTC", "Latitude, Longitude": "43.159 \u00b1 39.66 meters, 24.287 \u00b1 39.66 meters"}, {"Time": "2021/04/24 14:03:33 UTC", "Latitude, Longitude": "43.159 \u00b1 39.66 meters, 24.287 \u00b1 39.66 meters"}, {"Time": "2021/04/24 14:03:43 UTC", "Latitude, Longitude": "43.159 \u00b1 39.66 meters, 24.287 \u00b1 39.66 meters"}, {"Time": "2021/04/24 14:10:56 UTC", "Latitude, Longitude": "43.198 \u00b1 39.66 meters, 24.321 \u00b1 39.66 meters"}, {"Time": "2021/04/24 14:11:49 UTC", "Latitude, Longitude": "43.198 \u00b1 39.66 meters, 24.321 \u00b1 39.66 meters"}, {"Time": "2021/04/26 05:48:12 UTC", "Latitude, Longitude": "43.279 \u00b1 39.66 meters, 24.086 \u00b1 39.66 meters"}, {"Time": "2021/04/26 05:49:17 UTC", "Latitude, Longitude": "43.279 \u00b1 39.66 meters, 24.086 \u00b1 39.66 meters"}, {"Time": "2021/04/26 05:49:18 UTC", "Latitude, Longitude": "43.278 \u00b1 39.66 meters, 24.086 \u00b1 39.66 meters"}, {"Time": "2021/04/26 05:50:05 UTC", "Latitude, Longitude": "43.278 \u00b1 39.66 meters, 24.086 \u00b1 39.66 meters"}, {"Time": "2021/04/26 05:53:15 UTC", "Latitude, Longitude": "43.279 \u00b1 39.66 meters, 24.086 \u00b1 39.66 meters"}, {"Time": "2021/04/26 05:55:34 UTC", "Latitude, Longitude": "43.279 \u00b1 39.66 meters, 24.086 \u00b1 39.66 meters"}, {"Time": "2021/04/26 07:48:15 UTC", "Latitude, Longitude": "43.277 \u00b1 39.66 meters, 24.085 \u00b1 39.66 meters"}, {"Time": "2021/04/26 07:48:15 UTC", "Latitude, Longitude": "43.277 \u00b1 39.66 meters, 24.086 \u00b1 39.66 meters"}, {"Time": "2021/04/26 07:48:25 UTC", "Latitude, Longitude": "43.277 \u00b1 39.66 meters, 24.086 \u00b1 39.66 meters"}, {"Time": "2021/04/26 07:48:25 UTC", "Latitude, Longitude": "43.277 \u00b1 39.66 meters, 24.085 \u00b1 39.66 meters"}, {"Time": "2021/04/26 08:02:48 UTC", "Latitude, Longitude": "43.277 \u00b1 39.66 meters, 24.086 \u00b1 39.66 meters"}, {"Time": "2021/04/26 08:02:57 UTC", "Latitude, Longitude": "43.277 \u00b1 39.66 meters, 24.085 \u00b1 39.66 meters"}, {"Time": "2021/04/26 08:02:57 UTC", "Latitude, Longitude": "43.277 \u00b1 39.66 meters, 24.086 \u00b1 39.66 meters"}, {"Time": "2021/04/26 08:03:05 UTC", "Latitude, Longitude": "43.277 \u00b1 39.66 meters, 24.086 \u00b1 39.66 meters"}, {"Time": "2021/04/26 08:03:05 UTC", "Latitude, Longitude": "43.277 \u00b1 39.66 meters, 24.085 \u00b1 39.66 meters"}, {"Time": "2021/04/26 08:03:06 UTC", "Latitude, Longitude": "43.277 \u00b1 39.66 meters, 24.086 \u00b1 39.66 meters"}, {"Time": "2021/04/26 08:03:08 UTC", "Latitude, Longitude": "43.277 \u00b1 39.66 meters, 24.086 \u00b1 39.66 meters"}, {"Time": "2021/04/26 08:03:09 UTC", "Latitude, Longitude": "43.277 \u00b1 39.66 meters, 24.086 \u00b1 39.66 meters"}, {"Time": "2021/04/26 08:03:13 UTC", "Latitude, Longitude": "43.277 \u00b1 39.66 meters, 24.086 \u00b1 39.66 meters"}, {"Time": "2021/04/26 08:03:14 UTC", "Latitude, Longitude": "43.277 \u00b1 39.66 meters, 24.086 \u00b1 39.66 meters"}, {"Time": "2021/04/26 08:04:14 UTC", "Latitude, Longitude": "43.277 \u00b1 39.66 meters, 24.086 \u00b1 39.66 meters"}, {"Time": "2021/04/26 19:45:30 UTC", "Latitude, Longitude": "43.275 \u00b1 39.66 meters, 24.095 \u00b1 39.66 meters"}, {"Time": "2021/04/26 19:45:30 UTC", "Latitude, Longitude": "43.275 \u00b1 39.66 meters, 24.095 \u00b1 39.66 meters"}, {"Time": "2021/04/26 19:45:30 UTC", "Latitude, Longitude": "43.276 \u00b1 39.66 meters, 24.094 \u00b1 39.66 meters"}, {"Time": "2021/04/26 19:47:59 UTC", "Latitude, Longitude": "43.275 \u00b1 39.66 meters, 24.095 \u00b1 39.66 meters"}, {"Time": "2021/04/26 19:47:59 UTC", "Latitude, Longitude": "43.276 \u00b1 39.66 meters, 24.094 \u00b1 39.66 meters"}, {"Time": "2021/04/26 19:47:59 UTC", "Latitude, Longitude": "43.275 \u00b1 39.66 meters, 24.095 \u00b1 39.66 meters"}, {"Time": "2021/04/26 20:00:12 UTC", "Latitude, Longitude": "43.280 \u00b1 39.66 meters, 24.082 \u00b1 39.66 meters"}, {"Time": "2021/04/26 20:00:20 UTC", "Latitude, Longitude": "43.280 \u00b1 39.66 meters, 24.082 \u00b1 39.66 meters"}, {"Time": "2021/04/26 20:00:21 UTC", "Latitude, Longitude": "43.278 \u00b1 39.66 meters, 24.081 \u00b1 39.66 meters"}, {"Time": "2021/04/26 20:00:22 UTC", "Latitude, Longitude": "43.279 \u00b1 39.66 meters, 24.082 \u00b1 39.66 meters"}, {"Time": "2021/04/26 20:00:50 UTC", "Latitude, Longitude": "43.279 \u00b1 39.66 meters, 24.082 \u00b1 39.66 meters"}, {"Time": "2021/04/26 20:00:56 UTC", "Latitude, Longitude": "43.280 \u00b1 39.66 meters, 24.082 \u00b1 39.66 meters"}, {"Time": "2021/04/26 20:01:09 UTC", "Latitude, Longitude": "43.280 \u00b1 39.66 meters, 24.082 \u00b1 39.66 meters"}, {"Time": "2021/04/27 04:26:03 UTC", "Latitude, Longitude": "43.276 \u00b1 39.66 meters, 24.094 \u00b1 39.66 meters"}, {"Time": "2021/04/27 04:26:03 UTC", "Latitude, Longitude": "43.275 \u00b1 39.66 meters, 24.095 \u00b1 39.66 meters"}, {"Time": "2021/04/27 04:26:03 UTC", "Latitude, Longitude": "43.275 \u00b1 39.66 meters, 24.095 \u00b1 39.66 meters"}, {"Time": "2021/04/27 04:37:59 UTC", "Latitude, Longitude": "43.275 \u00b1 39.66 meters, 24.095 \u00b1 39.66 meters"}, {"Time": "2021/04/27 04:37:59 UTC", "Latitude, Longitude": "43.276 \u00b1 39.66 meters, 24.094 \u00b1 39.66 meters"}, {"Time": "2021/04/27 04:37:59 UTC", "Latitude, Longitude": "43.275 \u00b1 39.66 meters, 24.095 \u00b1 39.66 meters"}, {"Time": "2021/04/27 04:38:07 UTC", "Latitude, Longitude": "43.275 \u00b1 39.66 meters, 24.093 \u00b1 39.66 meters"}, {"Time": "2021/04/27 04:38:14 UTC", "Latitude, Longitude": "43.276 \u00b1 39.66 meters, 24.094 \u00b1 39.66 meters"}, {"Time": "2021/04/27 04:38:14 UTC", "Latitude, Longitude": "43.275 \u00b1 39.66 meters, 24.095 \u00b1 39.66 meters"}, {"Time": "2021/04/27 04:38:14 UTC", "Latitude, Longitude": "43.275 \u00b1 39.66 meters, 24.095 \u00b1 39.66 meters"}, {"Time": "2021/04/27 04:40:17 UTC", "Latitude, Longitude": "43.275 \u00b1 39.66 meters, 24.095 \u00b1 39.66 meters"}, {"Time": "2021/04/27 04:40:17 UTC", "Latitude, Longitude": "43.275 \u00b1 39.66 meters, 24.095 \u00b1 39.66 meters"}, {"Time": "2021/04/27 04:40:17 UTC", "Latitude, Longitude": "43.276 \u00b1 39.66 meters, 24.094 \u00b1 39.66 meters"}, {"Time": "2021/04/29 10:59:09 UTC", "Latitude, Longitude": "43.275 \u00b1 39.66 meters, 24.095 \u00b1 39.66 meters"}, {"Time": "2021/04/29 10:59:09 UTC", "Latitude, Longitude": "43.276 \u00b1 39.66 meters, 24.094 \u00b1 39.66 meters"}, {"Time": "2021/04/29 10:59:09 UTC", "Latitude, Longitude": "43.275 \u00b1 39.66 meters, 24.095 \u00b1 39.66 meters"}, {"Time": "2021/04/29 11:00:12 UTC", "Latitude, Longitude": "43.276 \u00b1 39.66 meters, 24.094 \u00b1 39.66 meters"}, {"Time": "2021/04/29 11:00:12 UTC", "Latitude, Longitude": "43.275 \u00b1 39.66 meters, 24.095 \u00b1 39.66 meters"}, {"Time": "2021/04/29 11:00:12 UTC", "Latitude, Longitude": "43.275 \u00b1 39.66 meters, 24.095 \u00b1 39.66 meters"}, {"Time": "2021/04/29 11:02:35 UTC", "Latitude, Longitude": "43.275 \u00b1 19.83 meters, 24.094 \u00b1 19.83 meters"}, {"Time": "2021/04/30 10:02:34 UTC", "Latitude, Longitude": "43.151 \u00b1 39.66 meters, 24.282 \u00b1 39.66 meters"}, {"Time": "2021/04/30 10:02:45 UTC", "Latitude, Longitude": "43.151 \u00b1 39.66 meters, 24.282 \u00b1 39.66 meters"}, {"Time": "2021/04/30 10:02:46 UTC", "Latitude, Longitude": "43.151 \u00b1 39.66 meters, 24.282 \u00b1 39.66 meters"}, {"Time": "2021/04/30 10:02:53 UTC", "Latitude, Longitude": "43.151 \u00b1 19.83 meters, 24.282 \u00b1 19.83 meters"}, {"Time": "2021/04/30 10:03:02 UTC", "Latitude, Longitude": "43.151 \u00b1 19.83 meters, 24.282 \u00b1 19.83 meters"}, {"Time": "2021/04/30 10:08:37 UTC", "Latitude, Longitude": "43.154 \u00b1 39.66 meters, 24.283 \u00b1 39.66 meters"}, {"Time": "2021/04/30 10:08:37 UTC", "Latitude, Longitude": "43.155 \u00b1 39.66 meters, 24.283 \u00b1 39.66 meters"}, {"Time": "2021/04/30 10:08:45 UTC", "Latitude, Longitude": "43.154 \u00b1 39.66 meters, 24.283 \u00b1 39.66 meters"}, {"Time": "2021/04/30 10:08:45 UTC", "Latitude, Longitude": "43.155 \u00b1 39.66 meters, 24.283 \u00b1 39.66 meters"}, {"Time": "2021/04/30 10:08:46 UTC", "Latitude, Longitude": "43.154 \u00b1 39.66 meters, 24.285 \u00b1 39.66 meters"}, {"Time": "2021/04/30 10:08:46 UTC", "Latitude, Longitude": "43.155 \u00b1 39.66 meters, 24.285 \u00b1 39.66 meters"}, {"Time": "2021/04/30 10:08:55 UTC", "Latitude, Longitude": "43.154 \u00b1 39.66 meters, 24.285 \u00b1 39.66 meters"}, {"Time": "2021/04/30 10:08:55 UTC", "Latitude, Longitude": "43.155 \u00b1 39.66 meters, 24.285 \u00b1 39.66 meters"}, {"Time": "2021/04/30 10:08:56 UTC", "Latitude, Longitude": "43.155 \u00b1 39.66 meters, 24.285 \u00b1 39.66 meters"}, {"Time": "2021/04/30 10:08:57 UTC", "Latitude, Longitude": "43.155 \u00b1 39.66 meters, 24.285 \u00b1 39.66 meters"}, {"Time": "2021/04/30 10:08:58 UTC", "Latitude, Longitude": "43.154 \u00b1 39.66 meters, 24.285 \u00b1 39.66 meters"}, {"Time": "2021/04/30 10:08:58 UTC", "Latitude, Longitude": "43.155 \u00b1 39.66 meters, 24.285 \u00b1 39.66 meters"}, {"Time": "2021/04/30 10:09:00 UTC", "Latitude, Longitude": "43.154 \u00b1 39.66 meters, 24.285 \u00b1 39.66 meters"}, {"Time": "2021/04/30 10:09:00 UTC", "Latitude, Longitude": "43.155 \u00b1 39.66 meters, 24.285 \u00b1 39.66 meters"}, {"Time": "2021/04/30 10:09:01 UTC", "Latitude, Longitude": "43.155 \u00b1 39.66 meters, 24.285 \u00b1 39.66 meters"}, {"Time": "2021/04/30 10:09:04 UTC", "Latitude, Longitude": "43.155 \u00b1 19.83 meters, 24.284 \u00b1 19.83 meters"}, {"Time": "2021/04/30 10:09:27 UTC", "Latitude, Longitude": "43.155 \u00b1 19.83 meters, 24.284 \u00b1 19.83 meters"}, {"Time": "2021/04/30 10:10:10 UTC", "Latitude, Longitude": "43.155 \u00b1 39.66 meters, 24.285 \u00b1 39.66 meters"}, {"Time": "2021/04/30 10:10:11 UTC", "Latitude, Longitude": "43.154 \u00b1 39.66 meters, 24.284 \u00b1 39.66 meters"}, {"Time": "2021/04/30 10:10:53 UTC", "Latitude, Longitude": "43.154 \u00b1 39.66 meters, 24.284 \u00b1 39.66 meters"}, {"Time": "2021/04/30 10:10:54 UTC", "Latitude, Longitude": "43.155 \u00b1 39.66 meters, 24.285 \u00b1 39.66 meters"}, {"Time": "2021/04/30 10:11:04 UTC", "Latitude, Longitude": "43.155 \u00b1 39.66 meters, 24.285 \u00b1 39.66 meters"}, {"Time": "2021/04/30 16:25:27 UTC", "Latitude, Longitude": "43.151 \u00b1 39.66 meters, 24.282 \u00b1 39.66 meters"}, {"Time": "2021/04/30 16:25:48 UTC", "Latitude, Longitude": "43.151 \u00b1 39.66 meters, 24.282 \u00b1 39.66 meters"}, {"Time": "2021/04/30 16:25:49 UTC", "Latitude, Longitude": "43.151 \u00b1 39.66 meters, 24.282 \u00b1 39.66 meters"}, {"Time": "2021/04/30 16:25:50 UTC", "Latitude, Longitude": "43.151 \u00b1 39.66 meters, 24.282 \u00b1 39.66 meters"}, {"Time": "2021/04/30 16:25:51 UTC", "Latitude, Longitude": "43.151 \u00b1 39.66 meters, 24.282 \u00b1 39.66 meters"}, {"Time": "2021/04/30 16:25:54 UTC", "Latitude, Longitude": "43.151 \u00b1 39.66 meters, 24.282 \u00b1 39.66 meters"}, {"Time": "2021/04/30 17:46:28 UTC", "Latitude, Longitude": "43.200 \u00b1 39.66 meters, 24.319 \u00b1 39.66 meters"}, {"Time": "2021/04/30 18:13:33 UTC", "Latitude, Longitude": "43.198 \u00b1 39.66 meters, 24.317 \u00b1 39.66 meters"}, {"Time": "2021/04/30 18:13:36 UTC", "Latitude, Longitude": "43.198 \u00b1 39.66 meters, 24.317 \u00b1 39.66 meters"}, {"Time": "2021/04/30 18:13:37 UTC", "Latitude, Longitude": "43.198 \u00b1 39.66 meters, 24.317 \u00b1 39.66 meters"}, {"Time": "2021/04/30 18:13:46 UTC", "Latitude, Longitude": "43.198 \u00b1 19.83 meters, 24.317 \u00b1 19.83 meters"}, {"Time": "2021/04/30 18:13:48 UTC", "Latitude, Longitude": "43.198 \u00b1 19.83 meters, 24.317 \u00b1 19.83 meters"}, {"Time": "2021/04/30 18:13:49 UTC", "Latitude, Longitude": "43.198 \u00b1 19.83 meters, 24.317 \u00b1 19.83 meters"}, {"Time": "2021/04/30 18:13:50 UTC", "Latitude, Longitude": "43.198 \u00b1 19.83 meters, 24.317 \u00b1 19.83 meters"}, {"Time": "2021/04/30 18:13:51 UTC", "Latitude, Longitude": "43.198 \u00b1 9.92 meters, 24.317 \u00b1 9.92 meters"}, {"Time": "2021/04/30 18:14:04 UTC", "Latitude, Longitude": "43.198 \u00b1 9.92 meters, 24.317 \u00b1 9.92 meters"}, {"Time": "2021/04/30 18:14:05 UTC", "Latitude, Longitude": "43.198 \u00b1 9.92 meters, 24.316 \u00b1 9.92 meters"}, {"Time": "2021/04/30 18:14:09 UTC", "Latitude, Longitude": "43.198 \u00b1 9.92 meters, 24.316 \u00b1 9.92 meters"}, {"Time": "2021/04/30 18:14:10 UTC", "Latitude, Longitude": "43.198 \u00b1 9.92 meters, 24.316 \u00b1 9.92 meters"}, {"Time": "2021/04/30 18:14:13 UTC", "Latitude, Longitude": "43.198 \u00b1 9.92 meters, 24.316 \u00b1 9.92 meters"}, {"Time": "2021/04/30 18:14:14 UTC", "Latitude, Longitude": "43.198 \u00b1 9.92 meters, 24.316 \u00b1 9.92 meters"}, {"Time": "2021/04/30 18:14:15 UTC", "Latitude, Longitude": "43.198 \u00b1 4.96 meters, 24.316 \u00b1 4.96 meters"}, {"Time": "2021/04/30 18:14:16 UTC", "Latitude, Longitude": "43.198 \u00b1 4.96 meters, 24.316 \u00b1 4.96 meters"}, {"Time": "2021/04/30 18:15:07 UTC", "Latitude, Longitude": "43.198 \u00b1 4.96 meters, 24.316 \u00b1 4.96 meters"}, {"Time": "2021/04/30 21:50:50 UTC", "Latitude, Longitude": "43.151 \u00b1 19.83 meters, 24.282 \u00b1 19.83 meters"}, {"Time": "2021/05/01 19:03:30 UTC", "Latitude, Longitude": "43.204 \u00b1 39.66 meters, 24.310 \u00b1 39.66 meters"}, {"Time": "2021/05/01 19:03:37 UTC", "Latitude, Longitude": "43.204 \u00b1 39.66 meters, 24.310 \u00b1 39.66 meters"}, {"Time": "2021/05/01 19:03:39 UTC", "Latitude, Longitude": "43.204 \u00b1 39.66 meters, 24.312 \u00b1 39.66 meters"}, {"Time": "2021/05/01 19:04:39 UTC", "Latitude, Longitude": "43.204 \u00b1 39.66 meters, 24.312 \u00b1 39.66 meters"}, {"Time": "2021/05/02 10:06:42 UTC", "Latitude, Longitude": "43.202 \u00b1 39.66 meters, 24.313 \u00b1 39.66 meters"}, {"Time": "2021/05/02 10:06:50 UTC", "Latitude, Longitude": "43.202 \u00b1 39.66 meters, 24.313 \u00b1 39.66 meters"}, {"Time": "2021/05/02 10:06:57 UTC", "Latitude, Longitude": "43.202 \u00b1 39.66 meters, 24.313 \u00b1 39.66 meters"}, {"Time": "2021/05/02 10:06:59 UTC", "Latitude, Longitude": "43.201 \u00b1 39.66 meters, 24.314 \u00b1 39.66 meters"}, {"Time": "2021/05/02 10:07:00 UTC", "Latitude, Longitude": "43.202 \u00b1 39.66 meters, 24.313 \u00b1 39.66 meters"}, {"Time": "2021/05/02 10:07:01 UTC", "Latitude, Longitude": "43.202 \u00b1 39.66 meters, 24.313 \u00b1 39.66 meters"}, {"Time": "2021/05/02 10:07:02 UTC", "Latitude, Longitude": "43.201 \u00b1 19.83 meters, 24.313 \u00b1 19.83 meters"}, {"Time": "2021/05/02 10:07:10 UTC", "Latitude, Longitude": "43.201 \u00b1 19.83 meters, 24.313 \u00b1 19.83 meters"}, {"Time": "2021/05/02 10:07:11 UTC", "Latitude, Longitude": "43.201 \u00b1 9.92 meters, 24.313 \u00b1 9.92 meters"}, {"Time": "2021/05/02 10:07:12 UTC", "Latitude, Longitude": "43.201 \u00b1 9.92 meters, 24.314 \u00b1 9.92 meters"}, {"Time": "2021/05/02 10:07:33 UTC", "Latitude, Longitude": "43.201 \u00b1 9.92 meters, 24.314 \u00b1 9.92 meters"}, {"Time": "2021/05/02 19:48:53 UTC", "Latitude, Longitude": "43.202 \u00b1 39.66 meters, 24.312 \u00b1 39.66 meters"}, {"Time": "2021/05/02 20:11:29 UTC", "Latitude, Longitude": "43.201 \u00b1 39.66 meters, 24.314 \u00b1 39.66 meters"}, {"Time": "2021/05/02 20:11:34 UTC", "Latitude, Longitude": "43.201 \u00b1 39.66 meters, 24.314 \u00b1 39.66 meters"}, {"Time": "2021/05/03 09:07:56 UTC", "Latitude, Longitude": "43.206 \u00b1 39.66 meters, 24.311 \u00b1 39.66 meters"}, {"Time": "2021/05/03 09:08:18 UTC", "Latitude, Longitude": "43.206 \u00b1 39.66 meters, 24.311 \u00b1 39.66 meters"}, {"Time": "2021/05/03 09:34:47 UTC", "Latitude, Longitude": "43.204 \u00b1 39.66 meters, 24.310 \u00b1 39.66 meters"}, {"Time": "2021/05/03 09:35:06 UTC", "Latitude, Longitude": "43.204 \u00b1 39.66 meters, 24.310 \u00b1 39.66 meters"}, {"Time": "2021/05/04 14:09:32 UTC", "Latitude, Longitude": "43.201 \u00b1 39.66 meters, 24.314 \u00b1 39.66 meters"}, {"Time": "2021/05/04 14:09:43 UTC", "Latitude, Longitude": "43.201 \u00b1 39.66 meters, 24.314 \u00b1 39.66 meters"}, {"Time": "2021/05/04 14:09:44 UTC", "Latitude, Longitude": "43.201 \u00b1 39.66 meters, 24.315 \u00b1 39.66 meters"}, {"Time": "2021/05/04 14:09:47 UTC", "Latitude, Longitude": "43.201 \u00b1 19.83 meters, 24.315 \u00b1 19.83 meters"}, {"Time": "2021/05/04 14:09:48 UTC", "Latitude, Longitude": "43.201 \u00b1 19.83 meters, 24.315 \u00b1 19.83 meters"}, {"Time": "2021/05/04 14:09:49 UTC", "Latitude, Longitude": "43.201 \u00b1 9.92 meters, 24.315 \u00b1 9.92 meters"}, {"Time": "2021/05/04 14:10:23 UTC", "Latitude, Longitude": "43.201 \u00b1 9.92 meters, 24.315 \u00b1 9.92 meters"}, {"Time": "2021/05/05 11:11:12 UTC", "Latitude, Longitude": "43.206 \u00b1 39.66 meters, 24.311 \u00b1 39.66 meters"}, {"Time": "2021/05/05 11:12:02 UTC", "Latitude, Longitude": "43.206 \u00b1 39.66 meters, 24.311 \u00b1 39.66 meters"}, {"Time": "2021/05/06 11:24:58 UTC", "Latitude, Longitude": "43.201 \u00b1 39.66 meters, 24.314 \u00b1 39.66 meters"}, {"Time": "2021/05/07 10:17:54 UTC", "Latitude, Longitude": "43.202 \u00b1 39.66 meters, 24.313 \u00b1 39.66 meters"}, {"Time": "2021/05/07 10:17:57 UTC", "Latitude, Longitude": "43.202 \u00b1 39.66 meters, 24.313 \u00b1 39.66 meters"}, {"Time": "2021/05/07 10:17:58 UTC", "Latitude, Longitude": "43.201 \u00b1 39.66 meters, 24.314 \u00b1 39.66 meters"}, {"Time": "2021/05/07 10:18:05 UTC", "Latitude, Longitude": "43.202 \u00b1 39.66 meters, 24.313 \u00b1 39.66 meters"}, {"Time": "2021/05/07 10:18:06 UTC", "Latitude, Longitude": "43.202 \u00b1 39.66 meters, 24.313 \u00b1 39.66 meters"}, {"Time": "2021/05/07 10:18:07 UTC", "Latitude, Longitude": "43.201 \u00b1 39.66 meters, 24.314 \u00b1 39.66 meters"}, {"Time": "2021/05/07 10:18:08 UTC", "Latitude, Longitude": "43.202 \u00b1 39.66 meters, 24.313 \u00b1 39.66 meters"}, {"Time": "2021/05/07 10:18:09 UTC", "Latitude, Longitude": "43.202 \u00b1 39.66 meters, 24.313 \u00b1 39.66 meters"}, {"Time": "2021/05/07 10:18:21 UTC", "Latitude, Longitude": "43.201 \u00b1 19.83 meters, 24.313 \u00b1 19.83 meters"}, {"Time": "2021/05/07 10:18:43 UTC", "Latitude, Longitude": "43.201 \u00b1 19.83 meters, 24.313 \u00b1 19.83 meters"}, {"Time": "2021/05/07 10:18:53 UTC", "Latitude, Longitude": "43.202 \u00b1 39.66 meters, 24.313 \u00b1 39.66 meters"}, {"Time": "2021/05/07 10:19:11 UTC", "Latitude, Longitude": "43.202 \u00b1 39.66 meters, 24.313 \u00b1 39.66 meters"}, {"Time": "2021/05/07 12:16:33 UTC", "Latitude, Longitude": "43.205 \u00b1 19.83 meters, 24.311 \u00b1 19.83 meters"}, {"Time": "2021/05/07 12:16:33 UTC", "Latitude, Longitude": "43.205 \u00b1 39.66 meters, 24.311 \u00b1 39.66 meters"}, {"Time": "2021/05/07 12:18:30 UTC", "Latitude, Longitude": "43.206 \u00b1 39.66 meters, 24.311 \u00b1 39.66 meters"}, {"Time": "2021/05/07 12:18:37 UTC", "Latitude, Longitude": "43.204 \u00b1 39.66 meters, 24.310 \u00b1 39.66 meters"}, {"Time": "2021/05/07 12:18:38 UTC", "Latitude, Longitude": "43.205 \u00b1 39.66 meters, 24.312 \u00b1 39.66 meters"}, {"Time": "2021/05/07 12:18:38 UTC", "Latitude, Longitude": "43.205 \u00b1 39.66 meters, 24.312 \u00b1 39.66 meters"}, {"Time": "2021/05/07 12:18:39 UTC", "Latitude, Longitude": "43.205 \u00b1 39.66 meters, 24.312 \u00b1 39.66 meters"}, {"Time": "2021/05/07 12:18:39 UTC", "Latitude, Longitude": "43.205 \u00b1 39.66 meters, 24.312 \u00b1 39.66 meters"}, {"Time": "2021/05/07 12:18:40 UTC", "Latitude, Longitude": "43.206 \u00b1 39.66 meters, 24.311 \u00b1 39.66 meters"}, {"Time": "2021/05/07 12:19:14 UTC", "Latitude, Longitude": "43.206 \u00b1 39.66 meters, 24.311 \u00b1 39.66 meters"}, {"Time": "2021/05/07 12:36:44 UTC", "Latitude, Longitude": "43.204 \u00b1 39.66 meters, 24.310 \u00b1 39.66 meters"}, {"Time": "2021/05/07 12:36:52 UTC", "Latitude, Longitude": "43.204 \u00b1 39.66 meters, 24.310 \u00b1 39.66 meters"}, {"Time": "2021/05/07 13:13:10 UTC", "Latitude, Longitude": "43.206 \u00b1 39.66 meters, 24.311 \u00b1 39.66 meters"}, {"Time": "2021/05/07 13:14:14 UTC", "Latitude, Longitude": "43.205 \u00b1 39.66 meters, 24.312 \u00b1 39.66 meters"}, {"Time": "2021/05/07 13:14:14 UTC", "Latitude, Longitude": "43.205 \u00b1 39.66 meters, 24.312 \u00b1 39.66 meters"}, {"Time": "2021/05/07 13:14:23 UTC", "Latitude, Longitude": "43.205 \u00b1 39.66 meters, 24.312 \u00b1 39.66 meters"}, {"Time": "2021/05/07 13:14:23 UTC", "Latitude, Longitude": "43.205 \u00b1 39.66 meters, 24.312 \u00b1 39.66 meters"}, {"Time": "2021/05/07 16:29:04 UTC", "Latitude, Longitude": "43.206 \u00b1 39.66 meters, 24.311 \u00b1 39.66 meters"}, {"Time": "2021/05/07 16:29:05 UTC", "Latitude, Longitude": "43.206 \u00b1 39.66 meters, 24.311 \u00b1 39.66 meters"}, {"Time": "2021/05/07 17:02:06 UTC", "Latitude, Longitude": "43.205 \u00b1 39.66 meters, 24.312 \u00b1 39.66 meters"}, {"Time": "2021/05/07 17:02:06 UTC", "Latitude, Longitude": "43.205 \u00b1 39.66 meters, 24.312 \u00b1 39.66 meters"}, {"Time": "2021/05/07 17:02:55 UTC", "Latitude, Longitude": "43.205 \u00b1 39.66 meters, 24.312 \u00b1 39.66 meters"}, {"Time": "2021/05/07 17:02:55 UTC", "Latitude, Longitude": "43.205 \u00b1 39.66 meters, 24.312 \u00b1 39.66 meters"}, {"Time": "2021/05/07 17:04:20 UTC", "Latitude, Longitude": "43.206 \u00b1 39.66 meters, 24.311 \u00b1 39.66 meters"}, {"Time": "2021/05/07 17:04:24 UTC", "Latitude, Longitude": "43.206 \u00b1 39.66 meters, 24.311 \u00b1 39.66 meters"}], "Businesses and public places you may have visited": [], "Areas you may have visited in the last two years": []}