[{"Date and time (hourly)": "2021-04-20 00:00:00 UTC", "Search Term": "kcvetanova_69", "Location": ""}, {"Date and time (hourly)": "2021-04-20 00:00:00 UTC", "Search Term": "kcvetanova_6", "Location": ""}, {"Date and time (hourly)": "2021-04-20 00:00:00 UTC", "Search Term": "kcvetanova_", "Location": ""}, {"Date and time (hourly)": "2021-04-20 00:00:00 UTC", "Search Term": "kcvetanova", "Location": ""}, {"Date and time (hourly)": "2021-04-20 00:00:00 UTC", "Search Term": "kcvetanov", "Location": ""}, {"Date and time (hourly)": "2021-04-20 00:00:00 UTC", "Search Term": "kcvetano", "Location": ""}, {"Date and time (hourly)": "2021-04-20 00:00:00 UTC", "Search Term": "kcvetan", "Location": ""}, {"Date and time (hourly)": "2021-04-20 00:00:00 UTC", "Search Term": "kcveta", "Location": ""}, {"Date and time (hourly)": "2021-04-20 00:00:00 UTC", "Search Term": "kcvet", "Location": ""}, {"Date and time (hourly)": "2021-04-20 00:00:00 UTC", "Search Term": "kcve", "Location": ""}, {"Date and time (hourly)": "2021-04-20 00:00:00 UTC", "Search Term": "kcv", "Location": ""}, {"Date and time (hourly)": "2021-04-20 00:00:00 UTC", "Search Term": "kc", "Location": ""}, {"Date and time (hourly)": "2021-04-20 00:00:00 UTC", "Search Term": "k", "Location": ""}, {"Date and time (hourly)": "2021-04-20 00:00:00 UTC", "Search Term": "kv", "Location": ""}, {"Date and time (hourly)": "2021-04-20 00:00:00 UTC", "Search Term": "k", "Location": ""}, {"Date and time (hourly)": "2021-04-20 00:00:00 UTC", "Search Term": "kcvetanova69", "Location": ""}, {"Date and time (hourly)": "2021-04-20 00:00:00 UTC", "Search Term": "kcvetanova6", "Location": ""}, {"Date and time (hourly)": "2021-04-20 00:00:00 UTC", "Search Term": "kcvetanova", "Location": ""}, {"Date and time (hourly)": "2021-04-20 00:00:00 UTC", "Search Term": "kcvetanov", "Location": ""}, {"Date and time (hourly)": "2021-04-20 00:00:00 UTC", "Search Term": "kcvetano", "Location": ""}, {"Date and time (hourly)": "2021-04-20 00:00:00 UTC", "Search Term": "kcvetan", "Location": ""}, {"Date and time (hourly)": "2021-04-20 00:00:00 UTC", "Search Term": "kcveta", "Location": ""}, {"Date and time (hourly)": "2021-04-20 00:00:00 UTC", "Search Term": "kcvet", "Location": ""}, {"Date and time (hourly)": "2021-04-20 00:00:00 UTC", "Search Term": "kcve", "Location": ""}, {"Date and time (hourly)": "2021-04-20 00:00:00 UTC", "Search Term": "kcv", "Location": ""}, {"Date and time (hourly)": "2021-04-20 00:00:00 UTC", "Search Term": "kc", "Location": ""}, {"Date and time (hourly)": "2021-04-20 00:00:00 UTC", "Search Term": "k", "Location": ""}, {"Date and time (hourly)": "2021-04-11 18:00:00 UTC", "Search Term": "lo", "Location": ""}, {"Date and time (hourly)": "2021-04-11 15:00:00 UTC", "Search Term": "locato", "Location": ""}, {"Date and time (hourly)": "2021-04-11 15:00:00 UTC", "Search Term": "lo", "Location": ""}, {"Date and time (hourly)": "2021-04-23 09:00:00 UTC", "Search Term": "Love", "Location": "lat 43.277 \u00b1 35.33 meters, long 24.086 \u00b1 35.33 meters"}, {"Date and time (hourly)": "2021-04-20 00:00:00 UTC", "Search Term": "k", "Location": ""}]