{"Received Snap History": [{"From": "mitko1286", "Media Type": "VIDEO", "Created": "2021-05-08 22:51:26 UTC"}, {"From": "mitko1286", "Media Type": "VIDEO", "Created": "2021-05-08 22:30:26 UTC"}, {"From": "mitko1286", "Media Type": "VIDEO", "Created": "2021-05-08 22:30:24 UTC"}, {"From": "mitko1286", "Media Type": "VIDEO", "Created": "2021-05-08 21:44:47 UTC"}, {"From": "nikoletaa52", "Media Type": "IMAGE", "Created": "2021-05-08 20:34:17 UTC"}, {"From": "nikoletaa52", "Media Type": "VIDEO", "Created": "2021-05-08 19:32:54 UTC"}, {"From": "nikoletaa52", "Media Type": "VIDEO", "Created": "2021-05-08 19:32:52 UTC"}, {"From": "veni_p2020", "Media Type": "IMAGE", "Created": "2021-05-08 18:38:21 UTC"}, {"From": "veni_p2020", "Media Type": "IMAGE", "Created": "2021-05-08 15:50:06 UTC"}, {"From": "reni_k01", "Media Type": "IMAGE", "Created": "2021-05-08 14:58:52 UTC"}, {"From": "bogergana", "Media Type": "IMAGE", "Created": "2021-05-08 11:55:40 UTC"}, {"From": "denicacveta2021", "Media Type": "IMAGE", "Created": "2021-05-08 09:15:26 UTC"}, {"From": "s-ilieva07", "Media Type": "IMAGE", "Created": "2021-05-08 09:13:31 UTC"}, {"From": "nikoletaa52", "Media Type": "IMAGE", "Created": "2021-05-08 09:11:30 UTC"}, {"From": "megigeorgievva", "Media Type": "IMAGE", "Created": "2021-05-08 08:53:52 UTC"}, {"From": "denicacveta2021", "Media Type": "IMAGE", "Created": "2021-05-08 08:47:16 UTC"}, {"From": "megigeorgievva", "Media Type": "IMAGE", "Created": "2021-05-08 06:48:36 UTC"}, {"From": "veni_p2020", "Media Type": "IMAGE", "Created": "2021-05-07 23:03:41 UTC"}, {"From": "denicacveta2021", "Media Type": "VIDEO", "Created": "2021-05-07 20:59:07 UTC"}, {"From": "nikoletaa52", "Media Type": "IMAGE", "Created": "2021-05-07 20:35:50 UTC"}, {"From": "mitko1286", "Media Type": "IMAGE", "Created": "2021-05-07 17:44:45 UTC"}, {"From": "bogergana", "Media Type": "IMAGE", "Created": "2021-05-07 15:36:22 UTC"}, {"From": "reni_k01", "Media Type": "IMAGE", "Created": "2021-05-07 13:15:21 UTC"}, {"From": "s-ilieva07", "Media Type": "IMAGE", "Created": "2021-05-07 10:04:40 UTC"}, {"From": "s-ilieva07", "Media Type": "VIDEO_NO_SOUND", "Created": "2021-05-07 05:11:12 UTC"}, {"From": "denicacveta2021", "Media Type": "IMAGE", "Created": "2021-05-07 04:26:12 UTC"}, {"From": "denicacveta2021", "Media Type": "VIDEO", "Created": "2021-05-07 03:50:17 UTC"}, {"From": "denicacveta2021", "Media Type": "VIDEO", "Created": "2021-05-07 03:17:47 UTC"}, {"From": "megigeorgievva", "Media Type": "IMAGE", "Created": "2021-05-07 03:16:36 UTC"}, {"From": "veni_p2020", "Media Type": "IMAGE", "Created": "2021-05-06 22:16:23 UTC"}, {"From": "denicacveta2021", "Media Type": "VIDEO", "Created": "2021-05-06 18:41:48 UTC"}, {"From": "denicacveta2021", "Media Type": "VIDEO", "Created": "2021-05-06 18:39:55 UTC"}, {"From": "reni_k01", "Media Type": "IMAGE", "Created": "2021-05-06 14:09:53 UTC"}, {"From": "bogergana", "Media Type": "IMAGE", "Created": "2021-05-06 11:28:53 UTC"}, {"From": "denicacveta2021", "Media Type": "IMAGE", "Created": "2021-05-06 10:20:02 UTC"}, {"From": "s-ilieva07", "Media Type": "IMAGE", "Created": "2021-05-06 08:37:23 UTC"}, {"From": "veni_p2020", "Media Type": "VIDEO_NO_SOUND", "Created": "2021-05-06 07:39:25 UTC"}, {"From": "megigeorgievva", "Media Type": "IMAGE", "Created": "2021-05-06 06:43:16 UTC"}, {"From": "s-ilieva07", "Media Type": "IMAGE", "Created": "2021-05-05 18:26:23 UTC"}, {"From": "reni_k01", "Media Type": "IMAGE", "Created": "2021-05-05 17:52:38 UTC"}, {"From": "veni_p2020", "Media Type": "IMAGE", "Created": "2021-05-05 13:43:01 UTC"}, {"From": "bogergana", "Media Type": "IMAGE", "Created": "2021-05-05 11:56:55 UTC"}, {"From": "denicacveta2021", "Media Type": "VIDEO", "Created": "2021-05-05 10:42:23 UTC"}, {"From": "denicacveta2021", "Media Type": "IMAGE", "Created": "2021-05-05 06:34:46 UTC"}, {"From": "denicacveta2021", "Media Type": "VIDEO", "Created": "2021-05-05 05:38:35 UTC"}, {"From": "veni_p2020", "Media Type": "IMAGE", "Created": "2021-05-05 05:16:02 UTC"}, {"From": "megigeorgievva", "Media Type": "IMAGE", "Created": "2021-05-05 04:19:44 UTC"}, {"From": "denicacveta2021", "Media Type": "IMAGE", "Created": "2021-05-05 03:31:23 UTC"}, {"From": "reni_k01", "Media Type": "IMAGE", "Created": "2021-05-04 23:04:16 UTC"}, {"From": "veni_p2020", "Media Type": "IMAGE", "Created": "2021-05-04 20:24:06 UTC"}, {"From": "denicacveta2021", "Media Type": "VIDEO", "Created": "2021-05-04 11:29:40 UTC"}, {"From": "denicacveta2021", "Media Type": "VIDEO", "Created": "2021-05-04 11:29:36 UTC"}, {"From": "denicacveta2021", "Media Type": "VIDEO", "Created": "2021-05-04 11:29:31 UTC"}, {"From": "denicacveta2021", "Media Type": "VIDEO", "Created": "2021-05-04 11:19:50 UTC"}, {"From": "bogergana", "Media Type": "IMAGE", "Created": "2021-05-04 11:17:06 UTC"}, {"From": "denicacveta2021", "Media Type": "IMAGE", "Created": "2021-05-04 11:08:19 UTC"}, {"From": "s-ilieva07", "Media Type": "VIDEO", "Created": "2021-05-04 10:39:25 UTC"}, {"From": "megigeorgievva", "Media Type": "IMAGE", "Created": "2021-05-04 07:50:51 UTC"}, {"From": "veni_p2020", "Media Type": "IMAGE", "Created": "2021-05-03 20:32:09 UTC"}, {"From": "s-ilieva07", "Media Type": "IMAGE", "Created": "2021-05-03 19:29:49 UTC"}, {"From": "reni_k01", "Media Type": "IMAGE", "Created": "2021-05-03 18:16:47 UTC"}, {"From": "reni_k01", "Media Type": "IMAGE", "Created": "2021-05-03 17:00:43 UTC"}, {"From": "denicacveta2021", "Media Type": "IMAGE", "Created": "2021-05-03 09:22:11 UTC"}, {"From": "denicacveta2021", "Media Type": "IMAGE", "Created": "2021-05-03 08:54:18 UTC"}, {"From": "veni_p2020", "Media Type": "IMAGE", "Created": "2021-05-03 08:29:13 UTC"}, {"From": "megigeorgievva", "Media Type": "IMAGE", "Created": "2021-05-03 08:06:21 UTC"}, {"From": "reni_k01", "Media Type": "IMAGE", "Created": "2021-05-02 23:52:56 UTC"}, {"From": "s-ilieva07", "Media Type": "VIDEO_NO_SOUND", "Created": "2021-05-02 21:43:44 UTC"}, {"From": "denicacveta2021", "Media Type": "VIDEO", "Created": "2021-05-02 20:44:52 UTC"}, {"From": "denicacveta2021", "Media Type": "VIDEO", "Created": "2021-05-02 19:52:10 UTC"}, {"From": "denicacveta2021", "Media Type": "VIDEO", "Created": "2021-05-02 19:52:08 UTC"}, {"From": "denicacveta2021", "Media Type": "VIDEO", "Created": "2021-05-02 19:52:06 UTC"}, {"From": "reni_k01", "Media Type": "IMAGE", "Created": "2021-05-02 18:27:51 UTC"}, {"From": "megigeorgievva", "Media Type": "IMAGE", "Created": "2021-05-02 16:45:05 UTC"}, {"From": "bogergana", "Media Type": "IMAGE", "Created": "2021-05-02 15:25:54 UTC"}, {"From": "denicacveta2021", "Media Type": "VIDEO_NO_SOUND", "Created": "2021-05-02 15:05:38 UTC"}, {"From": "megigeorgievva", "Media Type": "IMAGE", "Created": "2021-05-02 08:18:02 UTC"}, {"From": "reni_k01", "Media Type": "IMAGE", "Created": "2021-05-01 19:55:38 UTC"}, {"From": "s-ilieva07", "Media Type": "VIDEO", "Created": "2021-05-01 18:25:18 UTC"}, {"From": "s-ilieva07", "Media Type": "VIDEO", "Created": "2021-05-01 18:25:14 UTC"}, {"From": "reni_k01", "Media Type": "IMAGE", "Created": "2021-05-01 16:09:57 UTC"}, {"From": "s-ilieva07", "Media Type": "VIDEO", "Created": "2021-05-01 09:50:59 UTC"}, {"From": "megigeorgievva", "Media Type": "IMAGE", "Created": "2021-05-01 06:09:36 UTC"}, {"From": "s-ilieva07", "Media Type": "IMAGE", "Created": "2021-04-30 19:06:23 UTC"}, {"From": "bogergana", "Media Type": "VIDEO", "Created": "2021-04-30 11:31:10 UTC"}, {"From": "bogergana", "Media Type": "IMAGE", "Created": "2021-04-30 11:30:53 UTC"}, {"From": "reni_k01", "Media Type": "IMAGE", "Created": "2021-04-30 09:28:50 UTC"}, {"From": "megigeorgievva", "Media Type": "IMAGE", "Created": "2021-04-30 07:32:58 UTC"}, {"From": "s-ilieva07", "Media Type": "IMAGE", "Created": "2021-04-29 17:53:53 UTC"}, {"From": "reni_k01", "Media Type": "IMAGE", "Created": "2021-04-29 15:04:02 UTC"}, {"From": "megigeorgievva", "Media Type": "IMAGE", "Created": "2021-04-29 04:15:49 UTC"}, {"From": "reni_k01", "Media Type": "IMAGE", "Created": "2021-04-28 17:27:23 UTC"}, {"From": "s-ilieva07", "Media Type": "IMAGE", "Created": "2021-04-28 07:08:15 UTC"}, {"From": "megigeorgievva", "Media Type": "IMAGE", "Created": "2021-04-28 04:27:22 UTC"}, {"From": "reni_k01", "Media Type": "IMAGE", "Created": "2021-04-27 13:29:04 UTC"}, {"From": "s-ilieva07", "Media Type": "IMAGE", "Created": "2021-04-27 10:40:56 UTC"}, {"From": "bogergana", "Media Type": "IMAGE", "Created": "2021-04-27 07:26:30 UTC"}, {"From": "megigeorgievva", "Media Type": "IMAGE", "Created": "2021-04-27 04:47:59 UTC"}, {"From": "s-ilieva07", "Media Type": "VIDEO_NO_SOUND", "Created": "2021-04-26 21:19:32 UTC"}, {"From": "reni_k01", "Media Type": "IMAGE", "Created": "2021-04-26 16:04:00 UTC"}, {"From": "megigeorgievva", "Media Type": "IMAGE", "Created": "2021-04-26 10:37:38 UTC"}, {"From": "megigeorgievva", "Media Type": "IMAGE", "Created": "2021-04-26 06:44:25 UTC"}, {"From": "s-ilieva07", "Media Type": "IMAGE", "Created": "2021-04-25 22:41:20 UTC"}, {"From": "reni_k01", "Media Type": "IMAGE", "Created": "2021-04-25 21:51:42 UTC"}, {"From": "s-ilieva07", "Media Type": "IMAGE", "Created": "2021-04-25 14:44:46 UTC"}, {"From": "reni_k01", "Media Type": "IMAGE", "Created": "2021-04-25 11:42:01 UTC"}, {"From": "bogergana", "Media Type": "IMAGE", "Created": "2021-04-25 11:00:39 UTC"}, {"From": "reni_k01", "Media Type": "IMAGE", "Created": "2021-04-25 07:44:24 UTC"}, {"From": "megigeorgievva", "Media Type": "IMAGE", "Created": "2021-04-25 05:18:44 UTC"}, {"From": "bogergana", "Media Type": "IMAGE", "Created": "2021-04-24 14:23:19 UTC"}, {"From": "bogergana", "Media Type": "VIDEO_NO_SOUND", "Created": "2021-04-24 14:20:27 UTC"}, {"From": "reni_k01", "Media Type": "IMAGE", "Created": "2021-04-24 14:15:33 UTC"}, {"From": "s-ilieva07", "Media Type": "VIDEO", "Created": "2021-04-24 10:56:16 UTC"}, {"From": "megigeorgievva", "Media Type": "IMAGE", "Created": "2021-04-24 08:00:47 UTC"}, {"From": "s-ilieva07", "Media Type": "VIDEO", "Created": "2021-04-23 15:34:17 UTC"}, {"From": "bogergana", "Media Type": "VIDEO", "Created": "2021-04-23 15:31:59 UTC"}, {"From": "bogergana", "Media Type": "VIDEO", "Created": "2021-04-23 15:31:59 UTC"}, {"From": "s-ilieva07", "Media Type": "IMAGE", "Created": "2021-04-23 05:50:47 UTC"}, {"From": "megigeorgievva", "Media Type": "IMAGE", "Created": "2021-04-23 05:38:30 UTC"}, {"From": "s-ilieva07", "Media Type": "VIDEO", "Created": "2021-04-22 13:12:55 UTC"}, {"From": "bogergana", "Media Type": "IMAGE", "Created": "2021-04-22 06:19:58 UTC"}, {"From": "megigeorgievva", "Media Type": "IMAGE", "Created": "2021-04-22 05:16:00 UTC"}, {"From": "s-ilieva07", "Media Type": "VIDEO_NO_SOUND", "Created": "2021-04-22 04:52:47 UTC"}, {"From": "megigeorgievva", "Media Type": "IMAGE", "Created": "2021-04-21 22:03:45 UTC"}, {"From": "s-ilieva07", "Media Type": "VIDEO", "Created": "2021-04-21 17:29:10 UTC"}, {"From": "bogergana", "Media Type": "IMAGE", "Created": "2021-04-21 17:20:06 UTC"}, {"From": "bogergana", "Media Type": "IMAGE", "Created": "2021-04-21 12:15:08 UTC"}, {"From": "s-ilieva07", "Media Type": "VIDEO", "Created": "2021-04-21 10:21:10 UTC"}, {"From": "bogergana", "Media Type": "IMAGE", "Created": "2021-04-21 08:19:37 UTC"}, {"From": "megigeorgievva", "Media Type": "IMAGE", "Created": "2021-04-21 04:07:02 UTC"}, {"From": "s-ilieva07", "Media Type": "IMAGE", "Created": "2021-04-20 18:00:54 UTC"}, {"From": "bogergana", "Media Type": "IMAGE", "Created": "2021-04-20 14:30:58 UTC"}, {"From": "s-ilieva07", "Media Type": "IMAGE", "Created": "2021-04-20 11:49:33 UTC"}, {"From": "megigeorgievva", "Media Type": "IMAGE", "Created": "2021-04-20 05:11:19 UTC"}, {"From": "s-ilieva07", "Media Type": "IMAGE", "Created": "2021-04-20 05:00:11 UTC"}, {"From": "bogergana", "Media Type": "IMAGE", "Created": "2021-04-19 17:32:29 UTC"}, {"From": "s-ilieva07", "Media Type": "VIDEO", "Created": "2021-04-19 16:33:44 UTC"}, {"From": "s-ilieva07", "Media Type": "IMAGE", "Created": "2021-04-19 10:10:18 UTC"}, {"From": "megigeorgievva", "Media Type": "IMAGE", "Created": "2021-04-19 04:37:11 UTC"}, {"From": "s-ilieva07", "Media Type": "VIDEO_NO_SOUND", "Created": "2021-04-18 17:48:20 UTC"}, {"From": "s-ilieva07", "Media Type": "VIDEO_NO_SOUND", "Created": "2021-04-18 11:43:32 UTC"}, {"From": "megigeorgievva", "Media Type": "IMAGE", "Created": "2021-04-18 11:18:22 UTC"}, {"From": "megigeorgievva", "Media Type": "IMAGE", "Created": "2021-04-18 07:04:06 UTC"}, {"From": "s-ilieva07", "Media Type": "VIDEO", "Created": "2021-04-17 20:58:36 UTC"}, {"From": "s-ilieva07", "Media Type": "VIDEO", "Created": "2021-04-17 11:42:18 UTC"}, {"From": "megigeorgievva", "Media Type": "IMAGE", "Created": "2021-04-17 05:06:58 UTC"}, {"From": "s-ilieva07", "Media Type": "VIDEO_NO_SOUND", "Created": "2021-04-16 15:53:07 UTC"}, {"From": "saraaa929", "Media Type": "IMAGE", "Created": "2021-04-14 08:30:10 UTC"}, {"From": "saraaa929", "Media Type": "IMAGE", "Created": "2021-04-14 04:42:05 UTC"}, {"From": "saraaa929", "Media Type": "IMAGE", "Created": "2021-04-13 18:27:51 UTC"}, {"From": "saraaa929", "Media Type": "IMAGE", "Created": "2021-04-13 12:31:20 UTC"}], "Sent Snap History": [{"To": "bogergana", "Media Type": "VIDEO", "Created": "2021-05-08 18:32:30 UTC"}, {"To": "denicacveta2021", "Media Type": "VIDEO", "Created": "2021-05-08 18:32:30 UTC"}, {"To": "veni_p2020", "Media Type": "VIDEO", "Created": "2021-05-08 18:32:30 UTC"}, {"To": "nikoletaa52", "Media Type": "VIDEO", "Created": "2021-05-08 18:32:30 UTC"}, {"To": "p-anii", "Media Type": "VIDEO", "Created": "2021-05-08 18:32:30 UTC"}, {"To": "barko_vi", "Media Type": "VIDEO", "Created": "2021-05-08 18:32:30 UTC"}, {"To": "s-ilieva07", "Media Type": "VIDEO", "Created": "2021-05-08 18:32:30 UTC"}, {"To": "reni_k01", "Media Type": "VIDEO", "Created": "2021-05-08 18:32:30 UTC"}, {"To": "megigeorgievva", "Media Type": "VIDEO", "Created": "2021-05-08 18:32:30 UTC"}, {"To": "", "Media Type": "VIDEO", "Created": "2021-05-08 18:32:30 UTC"}, {"To": "bogergana", "Media Type": "VIDEO", "Created": "2021-05-08 18:32:29 UTC"}, {"To": "denicacveta2021", "Media Type": "VIDEO", "Created": "2021-05-08 18:32:29 UTC"}, {"To": "denicacveta2021", "Media Type": "VIDEO", "Created": "2021-05-08 18:32:29 UTC"}, {"To": "veni_p2020", "Media Type": "VIDEO", "Created": "2021-05-08 18:32:29 UTC"}, {"To": "veni_p2020", "Media Type": "VIDEO", "Created": "2021-05-08 18:32:29 UTC"}, {"To": "nikoletaa52", "Media Type": "VIDEO", "Created": "2021-05-08 18:32:29 UTC"}, {"To": "nikoletaa52", "Media Type": "VIDEO", "Created": "2021-05-08 18:32:29 UTC"}, {"To": "p-anii", "Media Type": "VIDEO", "Created": "2021-05-08 18:32:29 UTC"}, {"To": "p-anii", "Media Type": "VIDEO", "Created": "2021-05-08 18:32:29 UTC"}, {"To": "barko_vi", "Media Type": "VIDEO", "Created": "2021-05-08 18:32:29 UTC"}, {"To": "barko_vi", "Media Type": "VIDEO", "Created": "2021-05-08 18:32:29 UTC"}, {"To": "s-ilieva07", "Media Type": "VIDEO", "Created": "2021-05-08 18:32:29 UTC"}, {"To": "s-ilieva07", "Media Type": "VIDEO", "Created": "2021-05-08 18:32:29 UTC"}, {"To": "reni_k01", "Media Type": "VIDEO", "Created": "2021-05-08 18:32:29 UTC"}, {"To": "reni_k01", "Media Type": "VIDEO", "Created": "2021-05-08 18:32:29 UTC"}, {"To": "megigeorgievva", "Media Type": "VIDEO", "Created": "2021-05-08 18:32:29 UTC"}, {"To": "megigeorgievva", "Media Type": "VIDEO", "Created": "2021-05-08 18:32:29 UTC"}, {"To": "", "Media Type": "VIDEO", "Created": "2021-05-08 18:32:29 UTC"}, {"To": "", "Media Type": "VIDEO", "Created": "2021-05-08 18:32:29 UTC"}, {"To": "bogergana", "Media Type": "VIDEO", "Created": "2021-05-08 18:32:28 UTC"}, {"To": "denicacveta2021", "Media Type": "VIDEO", "Created": "2021-05-08 18:32:28 UTC"}, {"To": "denicacveta2021", "Media Type": "VIDEO", "Created": "2021-05-08 18:32:28 UTC"}, {"To": "veni_p2020", "Media Type": "VIDEO", "Created": "2021-05-08 18:32:28 UTC"}, {"To": "veni_p2020", "Media Type": "VIDEO", "Created": "2021-05-08 18:32:28 UTC"}, {"To": "nikoletaa52", "Media Type": "VIDEO", "Created": "2021-05-08 18:32:28 UTC"}, {"To": "nikoletaa52", "Media Type": "VIDEO", "Created": "2021-05-08 18:32:28 UTC"}, {"To": "p-anii", "Media Type": "VIDEO", "Created": "2021-05-08 18:32:28 UTC"}, {"To": "p-anii", "Media Type": "VIDEO", "Created": "2021-05-08 18:32:28 UTC"}, {"To": "barko_vi", "Media Type": "VIDEO", "Created": "2021-05-08 18:32:28 UTC"}, {"To": "barko_vi", "Media Type": "VIDEO", "Created": "2021-05-08 18:32:28 UTC"}, {"To": "s-ilieva07", "Media Type": "VIDEO", "Created": "2021-05-08 18:32:28 UTC"}, {"To": "s-ilieva07", "Media Type": "VIDEO", "Created": "2021-05-08 18:32:28 UTC"}, {"To": "reni_k01", "Media Type": "VIDEO", "Created": "2021-05-08 18:32:28 UTC"}, {"To": "reni_k01", "Media Type": "VIDEO", "Created": "2021-05-08 18:32:28 UTC"}, {"To": "megigeorgievva", "Media Type": "VIDEO", "Created": "2021-05-08 18:32:28 UTC"}, {"To": "megigeorgievva", "Media Type": "VIDEO", "Created": "2021-05-08 18:32:28 UTC"}, {"To": "", "Media Type": "VIDEO", "Created": "2021-05-08 18:32:28 UTC"}, {"To": "", "Media Type": "VIDEO", "Created": "2021-05-08 18:32:28 UTC"}, {"To": "bogergana", "Media Type": "VIDEO", "Created": "2021-05-08 18:30:19 UTC"}, {"To": "denicacveta2021", "Media Type": "VIDEO", "Created": "2021-05-08 18:30:19 UTC"}, {"To": "denicacveta2021", "Media Type": "VIDEO", "Created": "2021-05-08 18:30:19 UTC"}, {"To": "veni_p2020", "Media Type": "VIDEO", "Created": "2021-05-08 18:30:19 UTC"}, {"To": "veni_p2020", "Media Type": "VIDEO", "Created": "2021-05-08 18:30:19 UTC"}, {"To": "nikoletaa52", "Media Type": "VIDEO", "Created": "2021-05-08 18:30:19 UTC"}, {"To": "nikoletaa52", "Media Type": "VIDEO", "Created": "2021-05-08 18:30:19 UTC"}, {"To": "p-anii", "Media Type": "VIDEO", "Created": "2021-05-08 18:30:19 UTC"}, {"To": "p-anii", "Media Type": "VIDEO", "Created": "2021-05-08 18:30:19 UTC"}, {"To": "barko_vi", "Media Type": "VIDEO", "Created": "2021-05-08 18:30:19 UTC"}, {"To": "barko_vi", "Media Type": "VIDEO", "Created": "2021-05-08 18:30:19 UTC"}, {"To": "s-ilieva07", "Media Type": "VIDEO", "Created": "2021-05-08 18:30:19 UTC"}, {"To": "s-ilieva07", "Media Type": "VIDEO", "Created": "2021-05-08 18:30:19 UTC"}, {"To": "reni_k01", "Media Type": "VIDEO", "Created": "2021-05-08 18:30:19 UTC"}, {"To": "reni_k01", "Media Type": "VIDEO", "Created": "2021-05-08 18:30:19 UTC"}, {"To": "megigeorgievva", "Media Type": "VIDEO", "Created": "2021-05-08 18:30:19 UTC"}, {"To": "megigeorgievva", "Media Type": "VIDEO", "Created": "2021-05-08 18:30:19 UTC"}, {"To": "", "Media Type": "VIDEO", "Created": "2021-05-08 18:30:19 UTC"}, {"To": "", "Media Type": "VIDEO", "Created": "2021-05-08 18:30:19 UTC"}, {"To": "bogergana", "Media Type": "VIDEO", "Created": "2021-05-08 16:46:28 UTC"}, {"To": "denicacveta2021", "Media Type": "VIDEO", "Created": "2021-05-08 16:46:28 UTC"}, {"To": "veni_p2020", "Media Type": "VIDEO", "Created": "2021-05-08 16:46:28 UTC"}, {"To": "nikoletaa52", "Media Type": "VIDEO", "Created": "2021-05-08 16:46:28 UTC"}, {"To": "p-anii", "Media Type": "VIDEO", "Created": "2021-05-08 16:46:28 UTC"}, {"To": "s-ilieva07", "Media Type": "VIDEO", "Created": "2021-05-08 16:46:28 UTC"}, {"To": "reni_k01", "Media Type": "VIDEO", "Created": "2021-05-08 16:46:28 UTC"}, {"To": "megigeorgievva", "Media Type": "VIDEO", "Created": "2021-05-08 16:46:28 UTC"}, {"To": "", "Media Type": "VIDEO", "Created": "2021-05-08 16:46:28 UTC"}, {"To": "bogergana", "Media Type": "VIDEO", "Created": "2021-05-08 16:46:25 UTC"}, {"To": "denicacveta2021", "Media Type": "VIDEO", "Created": "2021-05-08 16:46:25 UTC"}, {"To": "veni_p2020", "Media Type": "VIDEO", "Created": "2021-05-08 16:46:25 UTC"}, {"To": "nikoletaa52", "Media Type": "VIDEO", "Created": "2021-05-08 16:46:25 UTC"}, {"To": "p-anii", "Media Type": "VIDEO", "Created": "2021-05-08 16:46:25 UTC"}, {"To": "s-ilieva07", "Media Type": "VIDEO", "Created": "2021-05-08 16:46:25 UTC"}, {"To": "reni_k01", "Media Type": "VIDEO", "Created": "2021-05-08 16:46:25 UTC"}, {"To": "megigeorgievva", "Media Type": "VIDEO", "Created": "2021-05-08 16:46:25 UTC"}, {"To": "", "Media Type": "VIDEO", "Created": "2021-05-08 16:46:25 UTC"}, {"To": "bogergana", "Media Type": "IMAGE", "Created": "2021-05-08 11:57:25 UTC"}, {"To": "bogergana", "Media Type": "IMAGE", "Created": "2021-05-08 11:56:35 UTC"}, {"To": "bogergana", "Media Type": "IMAGE", "Created": "2021-05-08 11:56:20 UTC"}, {"To": "denicacveta2021", "Media Type": "IMAGE", "Created": "2021-05-08 09:53:22 UTC"}, {"To": "veni_p2020", "Media Type": "IMAGE", "Created": "2021-05-08 09:53:22 UTC"}, {"To": "nikoletaa52", "Media Type": "IMAGE", "Created": "2021-05-08 09:53:22 UTC"}, {"To": "s-ilieva07", "Media Type": "IMAGE", "Created": "2021-05-08 09:53:22 UTC"}, {"To": "reni_k01", "Media Type": "IMAGE", "Created": "2021-05-08 09:53:22 UTC"}, {"To": "megigeorgievva", "Media Type": "IMAGE", "Created": "2021-05-08 09:53:22 UTC"}, {"To": "", "Media Type": "IMAGE", "Created": "2021-05-08 09:53:22 UTC"}, {"To": "bogergana", "Media Type": "IMAGE", "Created": "2021-05-07 10:18:51 UTC"}, {"To": "denicacveta2021", "Media Type": "IMAGE", "Created": "2021-05-07 10:18:51 UTC"}, {"To": "veni_p2020", "Media Type": "IMAGE", "Created": "2021-05-07 10:18:51 UTC"}, {"To": "p-anii", "Media Type": "IMAGE", "Created": "2021-05-07 10:18:51 UTC"}, {"To": "s-ilieva07", "Media Type": "IMAGE", "Created": "2021-05-07 10:18:51 UTC"}, {"To": "reni_k01", "Media Type": "IMAGE", "Created": "2021-05-07 10:18:51 UTC"}, {"To": "megigeorgievva", "Media Type": "IMAGE", "Created": "2021-05-07 10:18:51 UTC"}, {"To": "", "Media Type": "IMAGE", "Created": "2021-05-07 10:18:51 UTC"}, {"To": "bogergana", "Media Type": "IMAGE", "Created": "2021-05-06 11:27:36 UTC"}, {"To": "denicacveta2021", "Media Type": "IMAGE", "Created": "2021-05-06 11:27:36 UTC"}, {"To": "veni_p2020", "Media Type": "IMAGE", "Created": "2021-05-06 11:27:36 UTC"}, {"To": "p-anii", "Media Type": "IMAGE", "Created": "2021-05-06 11:27:36 UTC"}, {"To": "s-ilieva07", "Media Type": "IMAGE", "Created": "2021-05-06 11:27:36 UTC"}, {"To": "reni_k01", "Media Type": "IMAGE", "Created": "2021-05-06 11:27:36 UTC"}, {"To": "megigeorgievva", "Media Type": "IMAGE", "Created": "2021-05-06 11:27:36 UTC"}, {"To": "", "Media Type": "IMAGE", "Created": "2021-05-06 11:27:36 UTC"}, {"To": "bogergana", "Media Type": "VIDEO_NO_SOUND", "Created": "2021-05-05 16:17:25 UTC"}, {"To": "denicacveta2021", "Media Type": "VIDEO_NO_SOUND", "Created": "2021-05-05 16:17:25 UTC"}, {"To": "veni_p2020", "Media Type": "VIDEO_NO_SOUND", "Created": "2021-05-05 16:17:25 UTC"}, {"To": "p-anii", "Media Type": "VIDEO_NO_SOUND", "Created": "2021-05-05 16:17:25 UTC"}, {"To": "s-ilieva07", "Media Type": "VIDEO_NO_SOUND", "Created": "2021-05-05 16:17:25 UTC"}, {"To": "reni_k01", "Media Type": "VIDEO_NO_SOUND", "Created": "2021-05-05 16:17:25 UTC"}, {"To": "megigeorgievva", "Media Type": "VIDEO_NO_SOUND", "Created": "2021-05-05 16:17:25 UTC"}, {"To": "", "Media Type": "VIDEO_NO_SOUND", "Created": "2021-05-05 16:17:25 UTC"}, {"To": "bogergana", "Media Type": "IMAGE", "Created": "2021-05-04 11:16:08 UTC"}, {"To": "denicacveta2021", "Media Type": "IMAGE", "Created": "2021-05-04 11:16:08 UTC"}, {"To": "veni_p2020", "Media Type": "IMAGE", "Created": "2021-05-04 11:16:08 UTC"}, {"To": "p-anii", "Media Type": "IMAGE", "Created": "2021-05-04 11:16:08 UTC"}, {"To": "s-ilieva07", "Media Type": "IMAGE", "Created": "2021-05-04 11:16:08 UTC"}, {"To": "reni_k01", "Media Type": "IMAGE", "Created": "2021-05-04 11:16:08 UTC"}, {"To": "megigeorgievva", "Media Type": "IMAGE", "Created": "2021-05-04 11:16:08 UTC"}, {"To": "", "Media Type": "IMAGE", "Created": "2021-05-04 11:16:08 UTC"}, {"To": "bogergana", "Media Type": "IMAGE", "Created": "2021-05-02 10:07:10 UTC"}, {"To": "p-anii", "Media Type": "IMAGE", "Created": "2021-05-02 10:07:10 UTC"}, {"To": "s-ilieva07", "Media Type": "IMAGE", "Created": "2021-05-02 10:07:10 UTC"}, {"To": "reni_k01", "Media Type": "IMAGE", "Created": "2021-05-02 10:07:10 UTC"}, {"To": "megigeorgievva", "Media Type": "IMAGE", "Created": "2021-05-02 10:07:10 UTC"}, {"To": "", "Media Type": "IMAGE", "Created": "2021-05-02 10:07:10 UTC"}, {"To": "bogergana", "Media Type": "IMAGE", "Created": "2021-05-01 19:03:47 UTC"}, {"To": "p-anii", "Media Type": "IMAGE", "Created": "2021-05-01 19:03:47 UTC"}, {"To": "s-ilieva07", "Media Type": "IMAGE", "Created": "2021-05-01 19:03:47 UTC"}, {"To": "reni_k01", "Media Type": "IMAGE", "Created": "2021-05-01 19:03:47 UTC"}, {"To": "megigeorgievva", "Media Type": "IMAGE", "Created": "2021-05-01 19:03:47 UTC"}, {"To": "", "Media Type": "IMAGE", "Created": "2021-05-01 19:03:47 UTC"}, {"To": "bogergana", "Media Type": "VIDEO", "Created": "2021-04-30 21:50:52 UTC"}, {"To": "p-anii", "Media Type": "VIDEO", "Created": "2021-04-30 21:50:52 UTC"}, {"To": "s-ilieva07", "Media Type": "VIDEO", "Created": "2021-04-30 21:50:52 UTC"}, {"To": "reni_k01", "Media Type": "VIDEO", "Created": "2021-04-30 21:50:52 UTC"}, {"To": "megigeorgievva", "Media Type": "VIDEO", "Created": "2021-04-30 21:50:52 UTC"}, {"To": "", "Media Type": "VIDEO", "Created": "2021-04-30 21:50:52 UTC"}, {"To": "bogergana", "Media Type": "VIDEO", "Created": "2021-04-30 21:50:50 UTC"}, {"To": "p-anii", "Media Type": "VIDEO", "Created": "2021-04-30 21:50:50 UTC"}, {"To": "s-ilieva07", "Media Type": "VIDEO", "Created": "2021-04-30 21:50:50 UTC"}, {"To": "reni_k01", "Media Type": "VIDEO", "Created": "2021-04-30 21:50:50 UTC"}, {"To": "megigeorgievva", "Media Type": "VIDEO", "Created": "2021-04-30 21:50:50 UTC"}, {"To": "", "Media Type": "VIDEO", "Created": "2021-04-30 21:50:50 UTC"}, {"To": "bogergana", "Media Type": "IMAGE", "Created": "2021-04-30 10:02:53 UTC"}, {"To": "p-anii", "Media Type": "IMAGE", "Created": "2021-04-30 10:02:53 UTC"}, {"To": "s-ilieva07", "Media Type": "IMAGE", "Created": "2021-04-30 10:02:53 UTC"}, {"To": "reni_k01", "Media Type": "IMAGE", "Created": "2021-04-30 10:02:53 UTC"}, {"To": "megigeorgievva", "Media Type": "IMAGE", "Created": "2021-04-30 10:02:53 UTC"}, {"To": "", "Media Type": "IMAGE", "Created": "2021-04-30 10:02:53 UTC"}, {"To": "bogergana", "Media Type": "IMAGE", "Created": "2021-04-29 04:37:06 UTC"}, {"To": "p-anii", "Media Type": "IMAGE", "Created": "2021-04-29 04:37:06 UTC"}, {"To": "s-ilieva07", "Media Type": "IMAGE", "Created": "2021-04-29 04:37:06 UTC"}, {"To": "reni_k01", "Media Type": "IMAGE", "Created": "2021-04-29 04:37:06 UTC"}, {"To": "megigeorgievva", "Media Type": "IMAGE", "Created": "2021-04-29 04:37:06 UTC"}, {"To": "", "Media Type": "IMAGE", "Created": "2021-04-29 04:37:06 UTC"}, {"To": "bogergana", "Media Type": "IMAGE", "Created": "2021-04-28 08:55:59 UTC"}, {"To": "p-anii", "Media Type": "IMAGE", "Created": "2021-04-28 08:55:59 UTC"}, {"To": "s-ilieva07", "Media Type": "IMAGE", "Created": "2021-04-28 08:55:59 UTC"}, {"To": "reni_k01", "Media Type": "IMAGE", "Created": "2021-04-28 08:55:59 UTC"}, {"To": "megigeorgievva", "Media Type": "IMAGE", "Created": "2021-04-28 08:55:59 UTC"}, {"To": "", "Media Type": "IMAGE", "Created": "2021-04-28 08:55:59 UTC"}, {"To": "bogergana", "Media Type": "VIDEO", "Created": "2021-04-27 04:37:25 UTC"}, {"To": "p-anii", "Media Type": "VIDEO", "Created": "2021-04-27 04:37:25 UTC"}, {"To": "s-ilieva07", "Media Type": "VIDEO", "Created": "2021-04-27 04:37:25 UTC"}, {"To": "reni_k01", "Media Type": "VIDEO", "Created": "2021-04-27 04:37:25 UTC"}, {"To": "megigeorgievva", "Media Type": "VIDEO", "Created": "2021-04-27 04:37:25 UTC"}, {"To": "", "Media Type": "VIDEO", "Created": "2021-04-27 04:37:25 UTC"}, {"To": "simona_ts8094", "Media Type": "IMAGE", "Created": "2021-04-26 07:48:22 UTC"}, {"To": "zlati100", "Media Type": "IMAGE", "Created": "2021-04-26 07:48:22 UTC"}, {"To": "bogergana", "Media Type": "IMAGE", "Created": "2021-04-26 07:48:22 UTC"}, {"To": "p-anii", "Media Type": "IMAGE", "Created": "2021-04-26 07:48:22 UTC"}, {"To": "yuli_plamenova", "Media Type": "IMAGE", "Created": "2021-04-26 07:48:22 UTC"}, {"To": "dekovaa04", "Media Type": "IMAGE", "Created": "2021-04-26 07:48:22 UTC"}, {"To": "s-ilieva07", "Media Type": "IMAGE", "Created": "2021-04-26 07:48:22 UTC"}, {"To": "kamieliiak20", "Media Type": "IMAGE", "Created": "2021-04-26 07:48:22 UTC"}, {"To": "p_peucheva2019", "Media Type": "IMAGE", "Created": "2021-04-26 07:48:22 UTC"}, {"To": "reni_k01", "Media Type": "IMAGE", "Created": "2021-04-26 07:48:22 UTC"}, {"To": "megigeorgievva", "Media Type": "IMAGE", "Created": "2021-04-26 07:48:22 UTC"}, {"To": "", "Media Type": "IMAGE", "Created": "2021-04-26 07:48:22 UTC"}, {"To": "simona_ts8094", "Media Type": "IMAGE", "Created": "2021-04-26 05:49:31 UTC"}, {"To": "zlati100", "Media Type": "IMAGE", "Created": "2021-04-26 05:49:31 UTC"}, {"To": "bogergana", "Media Type": "IMAGE", "Created": "2021-04-26 05:49:31 UTC"}, {"To": "kcvetanova69", "Media Type": "IMAGE", "Created": "2021-04-26 05:49:31 UTC"}, {"To": "p-anii", "Media Type": "IMAGE", "Created": "2021-04-26 05:49:31 UTC"}, {"To": "yuli_plamenova", "Media Type": "IMAGE", "Created": "2021-04-26 05:49:31 UTC"}, {"To": "dekovaa04", "Media Type": "IMAGE", "Created": "2021-04-26 05:49:31 UTC"}, {"To": "s-ilieva07", "Media Type": "IMAGE", "Created": "2021-04-26 05:49:31 UTC"}, {"To": "kcvetanova_69", "Media Type": "IMAGE", "Created": "2021-04-26 05:49:31 UTC"}, {"To": "kamieliiak20", "Media Type": "IMAGE", "Created": "2021-04-26 05:49:31 UTC"}, {"To": "p_peucheva2019", "Media Type": "IMAGE", "Created": "2021-04-26 05:49:31 UTC"}, {"To": "reni_k01", "Media Type": "IMAGE", "Created": "2021-04-26 05:49:31 UTC"}, {"To": "megigeorgievva", "Media Type": "IMAGE", "Created": "2021-04-26 05:49:31 UTC"}, {"To": "", "Media Type": "IMAGE", "Created": "2021-04-26 05:49:31 UTC"}, {"To": "simona_ts8094", "Media Type": "VIDEO", "Created": "2021-04-24 14:03:37 UTC"}, {"To": "bogergana", "Media Type": "VIDEO", "Created": "2021-04-24 14:03:37 UTC"}, {"To": "zlati100", "Media Type": "VIDEO", "Created": "2021-04-24 14:03:37 UTC"}, {"To": "kcvetanova69", "Media Type": "VIDEO", "Created": "2021-04-24 14:03:37 UTC"}, {"To": "p-anii", "Media Type": "VIDEO", "Created": "2021-04-24 14:03:37 UTC"}, {"To": "yuli_plamenova", "Media Type": "VIDEO", "Created": "2021-04-24 14:03:37 UTC"}, {"To": "dekovaa04", "Media Type": "VIDEO", "Created": "2021-04-24 14:03:37 UTC"}, {"To": "s-ilieva07", "Media Type": "VIDEO", "Created": "2021-04-24 14:03:37 UTC"}, {"To": "kcvetanova_69", "Media Type": "VIDEO", "Created": "2021-04-24 14:03:37 UTC"}, {"To": "kamieliiak20", "Media Type": "VIDEO", "Created": "2021-04-24 14:03:37 UTC"}, {"To": "p_peucheva2019", "Media Type": "VIDEO", "Created": "2021-04-24 14:03:37 UTC"}, {"To": "reni_k01", "Media Type": "VIDEO", "Created": "2021-04-24 14:03:37 UTC"}, {"To": "megigeorgievva", "Media Type": "VIDEO", "Created": "2021-04-24 14:03:37 UTC"}, {"To": "", "Media Type": "VIDEO", "Created": "2021-04-24 14:03:37 UTC"}, {"To": "simona_ts8094", "Media Type": "IMAGE", "Created": "2021-04-24 07:45:00 UTC"}, {"To": "zlati100", "Media Type": "IMAGE", "Created": "2021-04-24 07:45:00 UTC"}, {"To": "bogergana", "Media Type": "IMAGE", "Created": "2021-04-24 07:45:00 UTC"}, {"To": "kcvetanova69", "Media Type": "IMAGE", "Created": "2021-04-24 07:45:00 UTC"}, {"To": "p-anii", "Media Type": "IMAGE", "Created": "2021-04-24 07:45:00 UTC"}, {"To": "yuli_plamenova", "Media Type": "IMAGE", "Created": "2021-04-24 07:45:00 UTC"}, {"To": "dekovaa04", "Media Type": "IMAGE", "Created": "2021-04-24 07:45:00 UTC"}, {"To": "s-ilieva07", "Media Type": "IMAGE", "Created": "2021-04-24 07:45:00 UTC"}, {"To": "kcvetanova_69", "Media Type": "IMAGE", "Created": "2021-04-24 07:45:00 UTC"}, {"To": "kamieliiak20", "Media Type": "IMAGE", "Created": "2021-04-24 07:45:00 UTC"}, {"To": "p_peucheva2019", "Media Type": "IMAGE", "Created": "2021-04-24 07:45:00 UTC"}, {"To": "reni_k01", "Media Type": "IMAGE", "Created": "2021-04-24 07:45:00 UTC"}, {"To": "megigeorgievva", "Media Type": "IMAGE", "Created": "2021-04-24 07:45:00 UTC"}, {"To": "", "Media Type": "IMAGE", "Created": "2021-04-24 07:45:00 UTC"}, {"To": "simona_ts8094", "Media Type": "IMAGE", "Created": "2021-04-23 09:23:04 UTC"}, {"To": "zlati100", "Media Type": "IMAGE", "Created": "2021-04-23 09:23:04 UTC"}, {"To": "bogergana", "Media Type": "IMAGE", "Created": "2021-04-23 09:23:04 UTC"}, {"To": "kcvetanova69", "Media Type": "IMAGE", "Created": "2021-04-23 09:23:04 UTC"}, {"To": "p-anii", "Media Type": "IMAGE", "Created": "2021-04-23 09:23:04 UTC"}, {"To": "yuli_plamenova", "Media Type": "IMAGE", "Created": "2021-04-23 09:23:04 UTC"}, {"To": "dekovaa04", "Media Type": "IMAGE", "Created": "2021-04-23 09:23:04 UTC"}, {"To": "s-ilieva07", "Media Type": "IMAGE", "Created": "2021-04-23 09:23:04 UTC"}, {"To": "kcvetanova_69", "Media Type": "IMAGE", "Created": "2021-04-23 09:23:04 UTC"}, {"To": "kamieliiak20", "Media Type": "IMAGE", "Created": "2021-04-23 09:23:04 UTC"}, {"To": "p_peucheva2019", "Media Type": "IMAGE", "Created": "2021-04-23 09:23:04 UTC"}, {"To": "megigeorgievva", "Media Type": "IMAGE", "Created": "2021-04-23 09:23:04 UTC"}, {"To": "", "Media Type": "IMAGE", "Created": "2021-04-23 09:23:04 UTC"}, {"To": "simona_ts8094", "Media Type": "IMAGE", "Created": "2021-04-22 06:19:00 UTC"}, {"To": "zlati100", "Media Type": "IMAGE", "Created": "2021-04-22 06:19:00 UTC"}, {"To": "bogergana", "Media Type": "IMAGE", "Created": "2021-04-22 06:19:00 UTC"}, {"To": "kcvetanova69", "Media Type": "IMAGE", "Created": "2021-04-22 06:19:00 UTC"}, {"To": "p-anii", "Media Type": "IMAGE", "Created": "2021-04-22 06:19:00 UTC"}, {"To": "yuli_plamenova", "Media Type": "IMAGE", "Created": "2021-04-22 06:19:00 UTC"}, {"To": "dekovaa04", "Media Type": "IMAGE", "Created": "2021-04-22 06:19:00 UTC"}, {"To": "s-ilieva07", "Media Type": "IMAGE", "Created": "2021-04-22 06:19:00 UTC"}, {"To": "kcvetanova_69", "Media Type": "IMAGE", "Created": "2021-04-22 06:19:00 UTC"}, {"To": "kamieliiak20", "Media Type": "IMAGE", "Created": "2021-04-22 06:19:00 UTC"}, {"To": "p_peucheva2019", "Media Type": "IMAGE", "Created": "2021-04-22 06:19:00 UTC"}, {"To": "megigeorgievva", "Media Type": "IMAGE", "Created": "2021-04-22 06:19:00 UTC"}, {"To": "", "Media Type": "IMAGE", "Created": "2021-04-22 06:19:00 UTC"}, {"To": "simona_ts8094", "Media Type": "IMAGE", "Created": "2021-04-21 17:19:21 UTC"}, {"To": "bogergana", "Media Type": "IMAGE", "Created": "2021-04-21 17:19:21 UTC"}, {"To": "yuli_plamenova", "Media Type": "IMAGE", "Created": "2021-04-21 17:19:21 UTC"}, {"To": "s-ilieva07", "Media Type": "IMAGE", "Created": "2021-04-21 17:19:21 UTC"}, {"To": "megigeorgievva", "Media Type": "IMAGE", "Created": "2021-04-21 17:19:21 UTC"}, {"To": "simona_ts8094", "Media Type": "IMAGE", "Created": "2021-04-20 14:30:44 UTC"}, {"To": "zlati100", "Media Type": "IMAGE", "Created": "2021-04-20 14:30:44 UTC"}, {"To": "bogergana", "Media Type": "IMAGE", "Created": "2021-04-20 14:30:44 UTC"}, {"To": "kcvetanova69", "Media Type": "IMAGE", "Created": "2021-04-20 14:30:44 UTC"}, {"To": "p-anii", "Media Type": "IMAGE", "Created": "2021-04-20 14:30:44 UTC"}, {"To": "yuli_plamenova", "Media Type": "IMAGE", "Created": "2021-04-20 14:30:44 UTC"}, {"To": "dekovaa04", "Media Type": "IMAGE", "Created": "2021-04-20 14:30:44 UTC"}, {"To": "s-ilieva07", "Media Type": "IMAGE", "Created": "2021-04-20 14:30:44 UTC"}, {"To": "kcvetanova_69", "Media Type": "IMAGE", "Created": "2021-04-20 14:30:44 UTC"}, {"To": "kamieliiak20", "Media Type": "IMAGE", "Created": "2021-04-20 14:30:44 UTC"}, {"To": "p_peucheva2019", "Media Type": "IMAGE", "Created": "2021-04-20 14:30:44 UTC"}, {"To": "megigeorgievva", "Media Type": "IMAGE", "Created": "2021-04-20 14:30:44 UTC"}, {"To": "", "Media Type": "IMAGE", "Created": "2021-04-20 14:30:44 UTC"}, {"To": "simona_ts8094", "Media Type": "IMAGE", "Created": "2021-04-19 17:24:35 UTC"}, {"To": "zlati100", "Media Type": "IMAGE", "Created": "2021-04-19 17:24:35 UTC"}, {"To": "bogergana", "Media Type": "IMAGE", "Created": "2021-04-19 17:24:35 UTC"}, {"To": "p-anii", "Media Type": "IMAGE", "Created": "2021-04-19 17:24:35 UTC"}, {"To": "yuli_plamenova", "Media Type": "IMAGE", "Created": "2021-04-19 17:24:35 UTC"}, {"To": "dekovaa04", "Media Type": "IMAGE", "Created": "2021-04-19 17:24:35 UTC"}, {"To": "s-ilieva07", "Media Type": "IMAGE", "Created": "2021-04-19 17:24:35 UTC"}, {"To": "kamieliiak20", "Media Type": "IMAGE", "Created": "2021-04-19 17:24:35 UTC"}, {"To": "p_peucheva2019", "Media Type": "IMAGE", "Created": "2021-04-19 17:24:35 UTC"}, {"To": "megigeorgievva", "Media Type": "IMAGE", "Created": "2021-04-19 17:24:35 UTC"}, {"To": "", "Media Type": "IMAGE", "Created": "2021-04-19 17:24:35 UTC"}, {"To": "simona_ts8094", "Media Type": "IMAGE", "Created": "2021-04-18 10:47:57 UTC"}, {"To": "zlati100", "Media Type": "IMAGE", "Created": "2021-04-18 10:47:57 UTC"}, {"To": "p-anii", "Media Type": "IMAGE", "Created": "2021-04-18 10:47:57 UTC"}, {"To": "yuli_plamenova", "Media Type": "IMAGE", "Created": "2021-04-18 10:47:57 UTC"}, {"To": "dekovaa04", "Media Type": "IMAGE", "Created": "2021-04-18 10:47:57 UTC"}, {"To": "s-ilieva07", "Media Type": "IMAGE", "Created": "2021-04-18 10:47:57 UTC"}, {"To": "kamieliiak20", "Media Type": "IMAGE", "Created": "2021-04-18 10:47:57 UTC"}, {"To": "p_peucheva2019", "Media Type": "IMAGE", "Created": "2021-04-18 10:47:57 UTC"}, {"To": "megigeorgievva", "Media Type": "IMAGE", "Created": "2021-04-18 10:47:57 UTC"}, {"To": "", "Media Type": "IMAGE", "Created": "2021-04-18 10:47:57 UTC"}, {"To": "simona_ts8094", "Media Type": "VIDEO", "Created": "2021-04-17 13:44:08 UTC"}, {"To": "zlati100", "Media Type": "VIDEO", "Created": "2021-04-17 13:44:08 UTC"}, {"To": "simona_ts8094", "Media Type": "VIDEO", "Created": "2021-04-17 13:44:08 UTC"}, {"To": "zlati100", "Media Type": "VIDEO", "Created": "2021-04-17 13:44:08 UTC"}, {"To": "p-anii", "Media Type": "VIDEO", "Created": "2021-04-17 13:44:08 UTC"}, {"To": "p-anii", "Media Type": "VIDEO", "Created": "2021-04-17 13:44:08 UTC"}, {"To": "yuli_plamenova", "Media Type": "VIDEO", "Created": "2021-04-17 13:44:08 UTC"}, {"To": "yuli_plamenova", "Media Type": "VIDEO", "Created": "2021-04-17 13:44:08 UTC"}, {"To": "dekovaa04", "Media Type": "VIDEO", "Created": "2021-04-17 13:44:08 UTC"}, {"To": "dekovaa04", "Media Type": "VIDEO", "Created": "2021-04-17 13:44:08 UTC"}, {"To": "s-ilieva07", "Media Type": "VIDEO", "Created": "2021-04-17 13:44:08 UTC"}, {"To": "s-ilieva07", "Media Type": "VIDEO", "Created": "2021-04-17 13:44:08 UTC"}, {"To": "kamieliiak20", "Media Type": "VIDEO", "Created": "2021-04-17 13:44:08 UTC"}, {"To": "kamieliiak20", "Media Type": "VIDEO", "Created": "2021-04-17 13:44:08 UTC"}, {"To": "p_peucheva2019", "Media Type": "VIDEO", "Created": "2021-04-17 13:44:08 UTC"}, {"To": "p_peucheva2019", "Media Type": "VIDEO", "Created": "2021-04-17 13:44:08 UTC"}, {"To": "megigeorgievva", "Media Type": "VIDEO", "Created": "2021-04-17 13:44:08 UTC"}, {"To": "megigeorgievva", "Media Type": "VIDEO", "Created": "2021-04-17 13:44:08 UTC"}, {"To": "", "Media Type": "VIDEO", "Created": "2021-04-17 13:44:08 UTC"}, {"To": "", "Media Type": "VIDEO", "Created": "2021-04-17 13:44:08 UTC"}, {"To": "zlati100", "Media Type": "VIDEO", "Created": "2021-04-17 13:44:07 UTC"}, {"To": "simona_ts8094", "Media Type": "VIDEO", "Created": "2021-04-17 13:44:07 UTC"}, {"To": "p-anii", "Media Type": "VIDEO", "Created": "2021-04-17 13:44:07 UTC"}, {"To": "yuli_plamenova", "Media Type": "VIDEO", "Created": "2021-04-17 13:44:07 UTC"}, {"To": "dekovaa04", "Media Type": "VIDEO", "Created": "2021-04-17 13:44:07 UTC"}, {"To": "s-ilieva07", "Media Type": "VIDEO", "Created": "2021-04-17 13:44:07 UTC"}, {"To": "kamieliiak20", "Media Type": "VIDEO", "Created": "2021-04-17 13:44:07 UTC"}, {"To": "p_peucheva2019", "Media Type": "VIDEO", "Created": "2021-04-17 13:44:07 UTC"}, {"To": "megigeorgievva", "Media Type": "VIDEO", "Created": "2021-04-17 13:44:07 UTC"}, {"To": "", "Media Type": "VIDEO", "Created": "2021-04-17 13:44:07 UTC"}, {"To": "zlati100", "Media Type": "VIDEO", "Created": "2021-04-17 07:22:26 UTC"}, {"To": "simona_ts8094", "Media Type": "VIDEO", "Created": "2021-04-17 07:22:26 UTC"}, {"To": "simona_ts8094", "Media Type": "VIDEO", "Created": "2021-04-17 07:22:26 UTC"}, {"To": "zlati100", "Media Type": "VIDEO", "Created": "2021-04-17 07:22:26 UTC"}, {"To": "p-anii", "Media Type": "VIDEO", "Created": "2021-04-17 07:22:26 UTC"}, {"To": "p-anii", "Media Type": "VIDEO", "Created": "2021-04-17 07:22:26 UTC"}, {"To": "yuli_plamenova", "Media Type": "VIDEO", "Created": "2021-04-17 07:22:26 UTC"}, {"To": "yuli_plamenova", "Media Type": "VIDEO", "Created": "2021-04-17 07:22:26 UTC"}, {"To": "dekovaa04", "Media Type": "VIDEO", "Created": "2021-04-17 07:22:26 UTC"}, {"To": "dekovaa04", "Media Type": "VIDEO", "Created": "2021-04-17 07:22:26 UTC"}, {"To": "s-ilieva07", "Media Type": "VIDEO", "Created": "2021-04-17 07:22:26 UTC"}, {"To": "s-ilieva07", "Media Type": "VIDEO", "Created": "2021-04-17 07:22:26 UTC"}, {"To": "kamieliiak20", "Media Type": "VIDEO", "Created": "2021-04-17 07:22:26 UTC"}, {"To": "kamieliiak20", "Media Type": "VIDEO", "Created": "2021-04-17 07:22:26 UTC"}, {"To": "p_peucheva2019", "Media Type": "VIDEO", "Created": "2021-04-17 07:22:26 UTC"}, {"To": "p_peucheva2019", "Media Type": "VIDEO", "Created": "2021-04-17 07:22:26 UTC"}, {"To": "megigeorgievva", "Media Type": "VIDEO", "Created": "2021-04-17 07:22:26 UTC"}, {"To": "megigeorgievva", "Media Type": "VIDEO", "Created": "2021-04-17 07:22:26 UTC"}, {"To": "", "Media Type": "VIDEO", "Created": "2021-04-17 07:22:26 UTC"}, {"To": "", "Media Type": "VIDEO", "Created": "2021-04-17 07:22:26 UTC"}, {"To": "simona_ts8094", "Media Type": "VIDEO", "Created": "2021-04-17 07:22:25 UTC"}, {"To": "zlati100", "Media Type": "VIDEO", "Created": "2021-04-17 07:22:25 UTC"}, {"To": "p-anii", "Media Type": "VIDEO", "Created": "2021-04-17 07:22:25 UTC"}, {"To": "yuli_plamenova", "Media Type": "VIDEO", "Created": "2021-04-17 07:22:25 UTC"}, {"To": "dekovaa04", "Media Type": "VIDEO", "Created": "2021-04-17 07:22:25 UTC"}, {"To": "s-ilieva07", "Media Type": "VIDEO", "Created": "2021-04-17 07:22:25 UTC"}, {"To": "kamieliiak20", "Media Type": "VIDEO", "Created": "2021-04-17 07:22:25 UTC"}, {"To": "p_peucheva2019", "Media Type": "VIDEO", "Created": "2021-04-17 07:22:25 UTC"}, {"To": "megigeorgievva", "Media Type": "VIDEO", "Created": "2021-04-17 07:22:25 UTC"}, {"To": "", "Media Type": "VIDEO", "Created": "2021-04-17 07:22:25 UTC"}, {"To": "zlati100", "Media Type": "IMAGE", "Created": "2021-04-17 06:38:55 UTC"}, {"To": "p-anii", "Media Type": "IMAGE", "Created": "2021-04-17 06:38:55 UTC"}, {"To": "yuli_plamenova", "Media Type": "IMAGE", "Created": "2021-04-17 06:38:55 UTC"}, {"To": "dekovaa04", "Media Type": "IMAGE", "Created": "2021-04-17 06:38:55 UTC"}, {"To": "s-ilieva07", "Media Type": "IMAGE", "Created": "2021-04-17 06:38:55 UTC"}, {"To": "kamieliiak20", "Media Type": "IMAGE", "Created": "2021-04-17 06:38:55 UTC"}, {"To": "p_peucheva2019", "Media Type": "IMAGE", "Created": "2021-04-17 06:38:55 UTC"}, {"To": "megigeorgievva", "Media Type": "IMAGE", "Created": "2021-04-17 06:38:55 UTC"}, {"To": "", "Media Type": "IMAGE", "Created": "2021-04-17 06:38:55 UTC"}, {"To": "zlati100", "Media Type": "IMAGE", "Created": "2021-04-16 22:32:57 UTC"}, {"To": "p-anii", "Media Type": "IMAGE", "Created": "2021-04-16 22:32:57 UTC"}, {"To": "yuli_plamenova", "Media Type": "IMAGE", "Created": "2021-04-16 22:32:57 UTC"}, {"To": "dekovaa04", "Media Type": "IMAGE", "Created": "2021-04-16 22:32:57 UTC"}, {"To": "s-ilieva07", "Media Type": "IMAGE", "Created": "2021-04-16 22:32:57 UTC"}, {"To": "kamieliiak20", "Media Type": "IMAGE", "Created": "2021-04-16 22:32:57 UTC"}, {"To": "p_peucheva2019", "Media Type": "IMAGE", "Created": "2021-04-16 22:32:57 UTC"}, {"To": "megigeorgievva", "Media Type": "IMAGE", "Created": "2021-04-16 22:32:57 UTC"}, {"To": "", "Media Type": "IMAGE", "Created": "2021-04-16 22:32:57 UTC"}, {"To": "", "Media Type": "VIDEO", "Created": "2021-04-16 14:42:01 UTC"}, {"To": "", "Media Type": "VIDEO", "Created": "2021-04-16 14:42:01 UTC"}, {"To": "", "Media Type": "VIDEO", "Created": "2021-04-16 12:21:37 UTC"}, {"To": "", "Media Type": "VIDEO", "Created": "2021-04-16 12:21:37 UTC"}, {"To": "", "Media Type": "VIDEO", "Created": "2021-04-16 12:21:36 UTC"}, {"To": "", "Media Type": "IMAGE", "Created": "2021-04-16 12:17:41 UTC"}, {"To": "", "Media Type": "IMAGE", "Created": "2021-04-15 14:08:13 UTC"}, {"To": "", "Media Type": "IMAGE", "Created": "2021-04-12 06:45:51 UTC"}, {"To": "", "Media Type": "VIDEO", "Created": "2021-04-11 18:38:40 UTC"}, {"To": "", "Media Type": "VIDEO", "Created": "2021-04-11 18:38:39 UTC"}, {"To": "", "Media Type": "VIDEO", "Created": "2021-04-11 18:38:39 UTC"}, {"To": "", "Media Type": "VIDEO", "Created": "2021-04-11 18:38:39 UTC"}, {"To": "", "Media Type": "IMAGE", "Created": "2021-04-11 15:34:24 UTC"}, {"To": "", "Media Type": "VIDEO", "Created": "2021-04-08 17:45:33 UTC"}], "App Story History": []}