{"Your Story Views": [{"Story Date": "2021-04-22 14:00:00 UTC", "Story Views": 1, "Story Replies": 0}, {"Story Date": "2021-04-22 06:00:00 UTC", "Story Views": 1, "Story Replies": 0}, {"Story Date": "2021-04-21 17:00:00 UTC", "Story Views": 4, "Story Replies": 0}], "Friend and Public Story Views": [{"View": "nikoletaa52", "Media Type": "STORY", "View Date": "2021-05-08 19:38:54 UTC"}, {"View": "nikoletaa52", "Media Type": "", "View Date": "2021-05-08 19:38:54 UTC"}, {"View": "nikoletaa52", "Media Type": "STORY", "View Date": "2021-05-07 21:48:40 UTC"}, {"View": "nikoletaa52", "Media Type": "", "View Date": "2021-05-07 21:48:40 UTC"}, {"View": "kiki_hris100820", "Media Type": "STORY", "View Date": "2021-04-22 14:22:30 UTC"}, {"View": "kiki_hris100820", "Media Type": "", "View Date": "2021-04-22 14:22:30 UTC"}, {"View": "nikoletaa52", "Media Type": "STORY", "View Date": "2021-04-20 22:46:20 UTC"}, {"View": "nikoletaa52", "Media Type": "", "View Date": "2021-04-20 22:46:20 UTC"}]}