{"Outgoing Calls": [{"Date & Time": "2021-04-20 00:49:14 UTC", "Type": "AUDIO", "People in Chat": 2, "Result": "Call Initiated", "City": "amsterdam", "Country": "NL", "Length (sec)": 17, "Network": "WIFI"}, {"Date & Time": "2021-04-20 00:44:45 UTC", "Type": "AUDIO", "People in Chat": 2, "Result": "Call Initiated", "City": "amsterdam", "Country": "NL", "Length (sec)": 1, "Network": "WIFI"}, {"Date & Time": "2021-04-20 00:44:04 UTC", "Type": "AUDIO", "People in Chat": 2, "Result": "Call Initiated", "City": "amsterdam", "Country": "NL", "Length (sec)": 1, "Network": "WIFI"}], "Incoming Calls": [], "Completed Calls": [], "Chat Sessions": [], "Game Sessions": []}