{"Snap Inc. Terms of Service": [{"Version": "Memories Terms of Service", "Acceptance Date": "2021-04-06 03:46:47 UTC"}, {"Version": "Snap Privacy Policy & Terms of Service - September 26, 2017", "Acceptance Date": "2021-04-06 03:37:13 UTC"}, {"Version": "Snap Terms of Service - February 18, 2019", "Acceptance Date": "2021-04-06 03:37:13 UTC"}, {"Version": "Snap Privacy Policy & Terms of Service - September 30, 2019", "Acceptance Date": "2021-04-06 03:37:13 UTC"}], "Custom Creative Tools Terms": [], "Business Services Terms": [], "Games Terms": []}