{"App Profile": {"Country": "BG", "Creation Time": "2021-04-06 03:37:13 UTC", "Account Creation Country": "BG", "Platform Version": "IOS", "In-app Language": "en_GB"}, "Demographics": {"Cohort Age": "AGE_13_TO_17", "Derived Ad Demographic": "FEMALE"}, "Subscriptions": [], "Engagement": [{"Event": "Story Views", "Occurrences": 1}, {"Event": "Direct Snaps Created", "Occurrences": 135}, {"Event": "Chats Sent", "Occurrences": 54}, {"Event": "Snap Sends", "Occurrences": 48}, {"Event": "Snaps Posted to Story", "Occurrences": 1}, {"Event": "Application Opens", "Occurrences": 209}, {"Event": "Geofilter Snaps Posted to Story", "Occurrences": 1}, {"Event": "Snaps Viewed in a Story", "Occurrences": 2}, {"Event": "Geofilter Story Snaps Viewed", "Occurrences": 1}, {"Event": "Chats Viewed", "Occurrences": 74}, {"Event": "Direct Snaps Viewed", "Occurrences": 81}, {"Event": "Snap Views", "Occurrences": 248}, {"Event": "Geofilter Swipes", "Occurrences": 117}, {"Event": "Geofilter Snap Sends", "Occurrences": 7}], "Discover Channels Viewed": [], "Breakdown of Time Spent on App": ["Camera: 60.85%", "Discover: 0.01%", "Map: 0.02%", "Memories: 0.11%", "Messaging: 1.36%", "Others: 37.54%", "Profile: 0.11%"], "Ads You Interacted With": [], "Interest Categories": ["Foodies", "Money Minders", "Coffee Lovers", "Discount & Thrifty Shoppers", "Burger Lovers", "Women's Fashion Shoppers", "Film & TV Fans", "Fashion & Style Gurus", "Cosmetics Shoppers", "Music Fans", "Beauty Mavens"], "Geographic Information": [], "Interactions": {"Web Interactions": ["stockx.com"], "App Interactions": ["https://itunes.apple.com/us/app/id382617920", "https://itunes.apple.com/us/app/id512939461", "https://itunes.apple.com/us/app/id896112560", "https://itunes.apple.com/us/app/id1040093707", "https://itunes.apple.com/us/app/id1078789949", "https://itunes.apple.com/us/app/id738897668", "https://itunes.apple.com/us/app/id1105855019", "https://itunes.apple.com/us/app/id1325756279", "https://itunes.apple.com/us/app/id1464513090", "https://itunes.apple.com/us/app/id1160056295"]}, "Off-Platform Sharing": [{"Share Destination": "Messenger Message", "Date": "2021-04-20 00:47:09 UTC", "Media Type": "", "Shared URL": "https://www.snapchat.com/add/kcvetanova_69"}], "Mobile Ad Id": "0954282d-b4ea-438c-8333-d7179615d461"}